Code,Consignee Name,Customs Importer Classification,Primary Address,Delivery Address,primary_address,Primary Contact,Default UNLOCO
CAMMACMNL,CAMARODEN MACAANDAR BANTE,,,,,,PHMNL
CONELEMNL,CONTROLGEAR ELECTRIC CORPORATION,,,,,,PHMNL
BLADIAAMS,BLACK DIAMOND EUROPE,,,,,,NLAMS
OMNLINMNL,OMNI-LINK GLOBAL LOGISTICS INC.,,,,,,PHMNL
PREPROMDW,PRESTONE PRODUCTS LLC,,,,,,USCHI
NMDARCMNL,NMDC ARCHITECTURAL FIRM,,,,,,PHMNL
CEICARMNL,CEI CARGO OPC,,,,,,PHMNL
PINMUHDVO,PINK MUHLY,,,,,,PHDVO
PUEPRIMNL,PUERTO PRIMERA INCORPORATED,,,,,,PHMNL
KPPPOWMNL,KPP POWERS COMMODITES INC,,,,,,PHMNL
EPIDRIFAA,EPIROC DRILLING TOOLS AB,,,,,,SEFAA
MARMACLGB,MARIA MACABALES,,,,,,USLGB
CLATRAMNL,CLARK TRAVEL RETAIL CORP.,,,,,,PHMNL
SCACONCEB,SCAN CONSUMER GOODS TRADING,,,,,,PHCEB
PROLIQSIN,PRO LIQUID PTE LTD,,,,,,SGSIN
RICPROTPE,"RICH PROTE TRADING CO., LTD",,,,,,TWTPE
RAYDIGSCL,RAYLEX DIGINET S.A.,,,,,,CLSCL
ZHEYIPZHE,ZHEJIANG YIPU METAL MANUFACTURING CO LTD.,,,,,,CNZHE
TTSALVSIN,T&T SALVAGE ASIA PTE LTD.,,,,,,SGSIN
NOREXPHKG,NORMAN EXPRESS (CHINA) LTD HKG,,,,,,HKHKG
BAJELELKR,"BAJA ELECTRONICS TECHNOLOGY (THAILAND) CO.,LTD.",,,,,,THLKR
HRLTECBNE,HRL TECHNOOLGY GROUP PT LTD.,,,,,,AUBNE
ERIMAGAFE,ERIEZ MAGNETICS PTY. LTD,,,,,,AUVTP
LIGHTUSDF,LIGHTUPTOYS.COM,,,,,,USLUI
SVIARE,SVI S.P.A.,,,,,,ITARE
MTSTRUMNL,MTS TRUCKING INCORPORATED,,,,,,PHMNL
SAZCORMNL,SAZA CORP.,,,,,,PHMNL
BIOEURMNL,BIOREGEN EURO INC.,,,,,,PHMNL
PHIJAPCEB,"PHIL-JAPAN METALS AND REFINED PRODUCTS CO., INC.",,,,,,PHCEB
GENELECEB,GENTEC ELECTRIK CORP.,,,,,,PHCEB
FOSLIAFOS1,"FOSHAN LIANJIANG FURNITURE CO., LTD.",,,,,,CNFOS
SKRPROMNL,SKRENE PROPERTIES INC.,,,,,,PHMNL
RMSROBCEB,RMS ROBSHIP MARINE SUPPLY INC.,,,,,,PHCEB
GRAMACMNL,GRAND MACHINERY INC,,,,,,PHMNL
SHAAKEHKG,SHANE AKEROYD COLLECTION,,,,,,HKHKG
INFQUAMNL1,INFINITE QUALITY DESIGNS CENTER INC.,,,,,,PHMNL
TDSSEAAFE,TDS SEAEVER EXHIBITION SERVICE CO LTD,,,,,,CNSZX
CRACLOMNL,CRAFT CLOTHING,,,,,,PHMNL
WONWORLAX,WONDER WORKSHOP INC.,,,,,,USLAX
NUTCDOCGY,NUTRIMAX CDO PLANT,,,,,,PHCGY
FARTIBFXT,FARMASOL TIBBİ ÜRÜNLER SAN. VE TİC. A.Ş.,,,,,,GBFXT
AECTRAHPH,AECP TRADING SERVICE AND TRANSPORT COMPANY LIMITED,,,,,,VNHPH
KWATRADVO,KWAYNE TRADING CORPORATION,,,,,,PHDVO
ZHOUNIAFE,ZHONGZHAN UNION INTERNATIONAL,,,,,,CNBJS
BMEXPRMNL,BM EXPRESS INT'L SERVICES INCORPORATED,,,,,,PHMNL
REBUFFJNB,REBUFF PTY LTD.,,,,,,ZAJNB
BROPHISFS,BROWAVE (PHILIPPINES ) CORPORATION,,,,,,PHSFS
WIILOGTLL,WIIMA LOGISTICS OÜ,,,,,,EETLL
HALCHISHA,HALMA CHINA GROUP,,,,,,CNSGH
MARCHRSYD,MARIA CHRISTINA GEMA ROXAS,,,,,,AUSYD
GOLBLDDVO,GOLDYLAB BLDG.,,,,,,PHDVO
TOKELEXMN,TOKIN ELECTRONICS XIAMEN CORPORATION,,,,,,CNXAM
PRIFREJKT1,PT. PRIME FREIGHT INDONESIA,,,,,,IDJKT
BENLOGAFE,BENBY LOGISTICS SOLUTIONS INC.,,,,,,PHMNL
NINGMFNGB,"NINGBO GMF TELECOM TECHNOLOGY CO.,LTD",,,,,,CNNBO
LEGREMHIP,LEGENCY REMEDIES (PVT) LTD,,,,,,INHIP
HARINTSHA,HARDROC INTERNAT,,,,,,CNSGH
IMPBEOSAI,IMPORTADORA BE ORGANICS SPA.,,,,,,CLSAI
MAXSSIN,MAXS SINGAPORE,,,,,,SGSIN
OPPMANHKG,OPPORTUNITY MANAGEMENT GROUP LTD,,,,,,HKHKG
QEMINTIAH,QEMI INTERNATIONAL INC.,,,,,,USHOU
ASIAGRBKK,"ASIATIC AGRO INDUSTRY CO., LTD.",,,,,,THBKK
PHIENTMNL1,PHILCANTECH ENTERPRISE,,,,,,PHMNL
GLOPOWTPE,GLOBAL POWER LOGISTICS SERVICES INC.,,,,,,TWTPE
DONELEMNL,DONGSHENG ELECTRONICS PHILIPPINES CORPORATION,,,,,,PHMNL
QACMNLAFE,QACH INC.,,,,,,PHMNL
SAUAIRJED1,SAUDI ARABIAN AIRLINES,,,,,,SAJED
MASLENMNL,MASTING LENS TECHNOLOGY PHILS INC.,,,,,,PHMNL
CARINDMNL1,CARBONMASTER INDUSTRIAL SALES INC.,,,,,,PHMNL
ENERECSFO,"ENERGY RECOVERY, INC.",,,,,,USSFO
SKYGREBUN,SKY GREEN IMPORTS INCORPORATED,,,,,,PHBUN
CARBIOCGY,CAREWELL BIO MEDICAL SYSTEM CO,,,,,,PHCGY
LYNTRAMNL,LYNSYSTEM TRADING,,,,,,PHMNL
ULTFORALY,ULTRA FOR MEDICAL PRODUCTS CO. (ULTRAMED),,,,,,EGALY
ATLCOPORB,ATLAS COPCO ROCK DRILLS AB,,,,,,SEORB
HOT8TAAFE,HOTEL 8 TAGAYTAY,,,,,,PHMNL
HIGSTAMNL,HIGH STACK FORWARD INC,,,,,,PHMNL
RAPRACLON,RAPHA RACING LTD,,,,,,GBLON
SYNPHIMNL2,"SYNGENTA PHILIPPINES, INC",,,,,,PHMNL
CHRDIOTPE,CHRISTIAN DIOR TAIWAN LIMITED,,,,,,TWTPE
FIERREGOA,FIERRE S.R.L.,,,,,,ITGOA
CTTECHMNL,CT-TECHNOLOGIES INC.,,,,,,PHMNL
TAKSANAFE,TAKACHIHO SANGYO CO LTD,,,,,,JPNGO
COREXPMNL,"CORDILLERA EXPLORATION CO., INC.",,,,,,PHMNL
SANMIGMAFE,SAN MIGUEL YAMAMURA PACKAGING CORPORATION,,,,,,PHMNL
MERCONMNL1,MERRAKI CONSUMER GOODS TRADING,,,,,,PHMNL
MASHONSAP,MASTERLINE GROUP - HONDURAS,,,,,,HNSAP
SANMIGMNL3,SAN MIGUEL FOODS INC,,,,,,PHMNL
CORPREMNL1,CORONATION PREMIUM MANUFACTURING INC.,,,,,,PHMNL
SCECOMAUH,SCENT COMMUNITY PERFUMES,,,,,,AEAUH
LIOFARMNL,LIONHEART FARMS (PHILIPPINES) CORPORATION,,,,,,PHMNL
COCCOLILO,COCA-COLA BOTTLERS PHILS,,,,,,PHILO
JASGALMNL,JASON GALANG ATIENZA,,,,,,PHMNL
VERISTAFE,VERA LOGISTICS,,,,,,TRIST
SMTMALSZX,SMT MALLS ELECTRONICS TECHNOLOGY (HK) LIMITED,,,,,,CNSNZ
HARINTAFE,HARLAS INT’L TRANSPORT SA,,,,,,GRATH
FENOUTRTM,FENIX OUTDOOR LOGISTICS GMBH,,,,,,NLRTM
BVWORKANT,BV WORKX,,,,,,BEANT
LULATHBHX,LULULEMON ATHELTICA CANADA INC.,,,,,,GBBHM
HARBROMNL,HARDCORE BROTHERS CUSTOMS MOTORCYCLES INC.,,,,,,PHMNL
BRACOLMNL,BRAND COLLECTIVE INC.,,,,,,PHMNL
SAMMQUMFM,SAMMQUATTRO MACAU COMPANY LTD.,,,,,,MOMFM
MARHOSMNL,MARIAN HOSPITAL OF STA. ROSA INC,,,,,,PHMNL
ATMMEDLZK,ATMOS MEDIZINTECHNIK GMBH & CO. KG,,,,,,DELZK
MANENGPNQ,MANIK ENGINEERS,,,,,,INPNQ
DSHGLOPIS,DSH GLOBAL LOGISTICS,,,,,,ATPIS
SHOAWEDVO,SHOCK AND AWE INDUSTRIAL CORP.,,,,,,PHDVO
CARDISMNL,CARBON DISTRIBUTION COMPANY INC.,,,,,,PHMNL
VIBTECSEK,VIBRANTZ TECHNOLOGIES (M) SDN BHD,,,,,,MYSEK
COCOWEUKB,COCOWELL CORPORATION,,,,,,JPUKB
LUXPHIMNL2,LUXACRAFT PHILS INCORPORATED,,,,,,PHMNL
VITSPAMNL,"VITAL SPARK HEALTHCARE SOLUTIONS, INC.",,,,,,PHMNL
LAGAREMNL,LA- GARENNE SALES CORP.,,,,,,PHMNL
FINMANCMB,FINTEK MANAGED SOLUTIONS (PVT) LTD,,,,,,LKCMB
KUAHAILPK,"KUAN HAI SDN BHD,",,,,,,MYLPK
PAKTECMKE,PAK TECH,,,,,,USMKE
ATLPACMNL1,ATLAS PACIFICA VENTURES OPC,,,,,,PHMNL
DOPLAZDVO,D.O PLAZA MEMORIAL HOSPITAL,,,,,,PHDVO
JEHTRADVO,JEHU TRADING CORP.,,,,,,PHDVO
SANCEFLAX,SANMARK CEFETRA PREMIUM OILS,,,,,,USLAX
WRINTEMNL,WR INTERNATIONAL FREIGHT FORWARDING CORPORATION,,,,,,PHMNL
CACPHILGU,CAC PHILIPINES INC,,,,,,PHLGU
ADVSUPAFE,ADVANCE SUPPORT JAPAN INC.,,,,,,JPTYO
WINLOGMNL1,WINTEX LOGISTICS CORPORATION,,,,,,PHMNL
YANBONSAD,"YANTAI BONWAY MANUFACTURER CO.,LTD",,,,,,CNSAD
GRAINDDEL1,GRAINPRO INDIA POST-HARVEST TECHNOLOGY PVT LTD.,,,,,,INDEL
MALNYCAFE,"MALCA-AMIT USA, LLC - NEW YORK",,,,,,USNYC
GPSGLOAFE,GPS GLOBAL,,,,,,NLALB
APABATBKK,APAISER BATHWARE (THAILAND) COMPANY LIMITED,,,,,,THBKK
WELCOMMNL,WELLSPRING COMMERCIAL OPC,,,,,,PHMNL
SHEOPECEB,SHELTERBOX OPERATIONS PHILS. INC,,,,,,PHCEB
KEMINTBLR,KEMPEGOWDA INTERNATIONAL AIRPORT,,,,,,INBLR
AERTECDXB,AERO TECHNICS FZCO,,,,,,AEDXB
CMZDENMNL,CMZ DENTAL SUPPLY AND GENERAL MERCHANDIZ,,,,,,PHMNL
TORBURATL,TORY BURCH LLC,,,,,,USATL
EPEQUISZV,"EP EQUIPMENT CO.,LTD.",,,,,,CNSZH
KLOTHEDTM,KLOPPER-THERM GMBH,,,,,,DEDTM
RBBECIMNL,RBBN ECI,,,,,,PHMNL
SEOAIRSEL,SEOUL AIR BASE,,,,,,KRSEL
SHEYOHAFE,"SHENZHEN YOHOO INTERNATIONAL LOGISTICS CO., LTD.",,,,,,PHMNL
CONBESMNL,CONCEPCION BESS SITE,,,,,,PHMNL
LUCHGYDVO,LUCKY HGY TRADING CORP.,,,,,,PHDVO
MARTOLTPZ,MARELLI TOLUCA MEXICO,,,,,,MXTPZ
OSYCONMNLAFE,OSYALI CONSTRUCTION AND TRADING INC.,,,,,,PHMNL
SILMINMNL,SILANGAN MINDANAO MINING CO INC,,,,,,PHMNL
CONAUTMNL,"CONTINENTAL AUTONOMOUS MOBILITY PHILIPPINES, INC",,,,,,PHMNL
SHISTAYTO,SHINY STAR CANADA LTD,,,,,,CATOR
HWAMAWRMQ,"HWA MAW MACHINE INDUSTRIAL CO., LTD.",,,,,,TWTXG
GANKALLGB,GANDANG KALIKASAN USA INC.,,,,,,USLGB
LAWDELBUN,LAWRENCE DEL FIERRO,,,,,,PHBUN
TECSYSVPI,TECKNOTROVE SYSTEMS (INDIA) PVT LTD,,,,,,INVPI
WELBUIMNL,WELL-BUILT SPECIALTY CONTRACTORS INC,,,,,,PHMNL
FANCHAMNL,FANG CHAN INC.,,,,,,PHMNL
KOUPACMNL,KOUFU PACKAGING CORPORATION,,,,,,PHMNL
FRITIDCPH,FRITIDSAGENTEN A/S,,,,,,DKCPH
MACROKMNL,MACROKOLD,,,,,,PHMNL
FORACCDKR,FOR THE ACCOUNT & RISK OF MESSRS,,,,,,SNDKR
AVIINTMEL,AVION INTERNATIONAL AUSTRALIA PTY LTD.,,,,,,AUMEL
FONSHABTG,FONG SHANN PRINTING PHILIPPINES INC,,,,,,PHBTG
VELDEVMNL,VELCO DEVELOPMENT CORPORATION,,,,,,PHMNL
DKHHONHKG,DKHS HONGKONG LIMITED,,,,,,HKHKG
SPAINDMNL,SPARK INDUSTRIES,,,,,,PHMNL
SHIMEDMHB,SHILPA MEDICARE LIMITED,,,,,,INMHB
SUMSPEPUS,"SUMMIT SPECIAL METAL CO. , LTD",,,,,,KRPUS
FPCTHABKK,"FPC (THAILAND) CO.,LTD",,,,,,THBKK
COLSHPGES,COLLINS SHPPING (FOR MV SEPURA),,,,,,PHGES
LCTLEAMNL,LCTSI - LEAD CORE TECHNOLOGY SYSTEM INCORPORATED,,,,,,PHMNL
GLOPROMNL,GLOBAL PROCUREMENT INC.,,,,,,PHMNL
DCPCUSCEB,DCP CUSTOMS BROKERAGE & GLOBAL TRANSPORT,,,,,,PHCEB
JOHMATMMX,JOHAN MATSANDERS,,,,,,SEMMX
UNIRAWNYC,UNIVERSAL RAW INGREDIENTS LLC,,,,,,USNYC
LIELOGSTU,LIEBHER LOGISTICS GMBH,,,,,,DESTU
JIASENNKG,"JIANGSU SENOLO MEDICAL TECHNOLOGY CO.,LTD",,,,,,CNNJI
MUTTHOMNL,"MUTUC, THOR JOURDAN COLAGON",,,,,,PHMNL
UBICQULAX,UBICQUIA INC.,,,,,,USLAX
AMBELEMNL,AMBAS ELECTRIC AND AUTOMATION,,,,,,PHMNL
MAYINDBTN,PT. MAYORA INDAH TBK,,,,,,IDBTN
FELLAWMNL,FELICIANO LAW OFFICE,,,,,,PHMNL
DAVSANAFE,DAVAO SAN EI TRADING,,,,,,PHMNL
JEIPROMNL,JEIKA PROPERTIES CORPORATION,,,,,,PHMNL
AELLMTAFE,AEL LIMITED INC,,,,,,PHMNL
REGHOMMNL,REGRAY STONES AND FURNITURES CORPORATION,,,,,,PHMNL
ROBBOSFRA,ROBERT BOSCH FAHRZEUGELEKTRIK EISENACH GMBH CO BCUBE THURINGEN GMBH,,,,,,DEFRA
PRIINTYVR,PRIMO INTERNATIONAL,,,,,,CAVAN
VENDESGOT,VENTURE DESIGN AB,,,,,,SEGOT
KAVISOGQQ,"KAVISO, LLC",,,,,,USGQQ
HUSZENPVG,"HUSQVARNA ZENOAH CHANGZHOUMACHINERY CO., LTD.",,,,,,CNPVG
XRAISTAFE,XRAY CENTER GUVENLIK SISTEMLERI A.S.,,,,,,TRAMB
VINAUSADL,VINARCHY AUSTRALIA LIMITED,,,,,,AUADL
SOLPANMNL,SOLARIS PANABO CORP.,,,,,,PHMNL
IFEAERLON,IFE AEROSPACE,,,,,,GBLON
AKRBRAGQQ,AKRON BRASS COMPANY,,,,,,USGQQ
ZIESOUJNB1,ZIEGLER SOUTH AFRICA (PTY) LTD,,,,,,ZAJNB
YANHANCEB,YANCY HANDICRAFT PRODUCTS WHOLESALING,,,,,,PHCEB
MARELELHR,"MARTINDALE ELECTRIC CO., LTD",,,,,,GBLHR
PORLEAAUS,PORTLAND LEATHER GOODS,,,,,,USAUS
DAEPHIMNL,DAESANG PHILIPPINES CORPORATION,,,,,,PHMNL
WUXHYDSHG,WUXI HYDRO ENVIRONMENTAL TECHNOLOGY CO LTD,,,,,,CNSHG
MARMARAFE,MARINE MAROC,,,,,,MACAS
NO23RDMLE,"NO.23 3RD FLOOR, ORCHID MAGU",,,,,,MVMLE
PHAPHABDQ,PHARMLITE PHARMACEUTICALS LLP,,,,,,INBDQ
QEVTECBCN,QEV TECHNOLOGIES S.L,,,,,,ESBCN
EATONKIQ,EATON CORPORATION,,,,,,USKIQ
INDCONMNL1,"INDUSTRIAL CONTROLS SYSTEMS, INC.",,,,,,PHMNL
KSPWORSHG,KSP WORLDWIDE,,,,,,CNSHG
AIRCOUWVB,AIRFREIGHT COURIER TRANSPORT LOGISTICS,,,,,,NAWVB
KOZIOLMHG,KOZIOL,,,,,,DEMHG
SWEETLMNL,SWEETLINK INC.,,,,,,PHMNL
TECFIXALA,TECHNO FIX,,,,,,KZALA
JCGMARMNL1,JCG MARKETING GROUP INC.,,,,,,PHMNL
PHINAVMNL3,PHILIPPINE NAVY,,,,,,PHMNL
HASPHIMNL,HASKELL COMPANY PHILIPPINES INC.,,,,,,PHMNL
DQMPERMXP,DQM PER FENDI CASA,,,,,,ITMXP
COLRAIVAP,COLAS RAIL ESTABLECIMIENTO PERMANENTE,,,,,,CLVAP
POLINDMNL1,POLYLINE INDUSTRIES INC.,,,,,,PHMNL
ANPCOUHEB,ANPING COUNTY YIZE METAL PRODUCTS CO LTD,,,,,,CNHEB
JCMINTCEB,JCM INTERNATIONAL MARKETING CORP.,,,,,,PHCEB
PROASIAFE,PROXES ASIA PACIFIC PTE LTD.,,,,,,SGSIN
NINLUCMLN,"NINGBO LUCKYSTAR COMMODITIES CO., LTD",,,,,,CNMLN
MOMSTODXB,MOM STORE GENERAL TRADING LLC,,,,,,AEDXB
DAIINTBIN,"DAINAN INTERNATIONAL, INC.",,,,,,PHBIN
PROMANCEB,"PROFEED MANUFACTURING SOLUTIONS, INC.",,,,,,PHCEB
MJDINDMNL,MJD INDUSTRIES INC.,,,,,,PHMNL
BPMEDIYVR,"BP MEDIA, INC.",,,,,,CAVAN
EMPSHAAFE,EMPIRE SHARED SERVICES PHILIPPINES INC.,,,,,,PHMNL
GUACAIFOS,GUANGDONG CAIFENG PRINTING TECHNOLOGY CO.LTD,,,,,,CNFOS
ALFASIMFM,ALFASTREET ASIA LIMITED,,,,,,MOMFM
AALELBALY,AALY ELBEHAR FOR TRADING AND DISTRIBUTION,,,,,,EGALY
GATNONMNL1,GATCHA NON SPECIALIZED WHOLESALE TRADING,,,,,,PHMNL
PURHORMNL1,THE PUREFOODS HORMEL COMPANY INC.,,,,,,PHMNL
ABAROBDVO,"ABARQUEZ , ROBERT ABADINAS",,,,,,PHDVO
DANCONMNL,DANESH CONSUMER GOODS TRADING,,,,,,PHMNL
BPECOSMNL,BP ECOSYSTEM EQUIPMENT CORP.,,,,,,PHMNL
TECQUIMNL,TECH-QUIPPED CORPORATION,,,,,,PHMNL
ZTENANNKG,"ZTE (NANJING) CO., LTD.",,,,,,CNNKG
ZITLABBCN,ZITRO LABORATORY S L U,,,,,,ESBCN
MENOCESYD,MENARD OCEANIA PTY LTD,,,,,,AUSYD
ZHEWUYZHE,ZHEJIANG WUYI SHENGLU TOOLS CO.LTD,,,,,,CNZHE
MURECMNL,MURATA EC-2,,,,,,PHMNL
PSYBUNYUL,PSYCHO BUNNY INC.,,,,,,CAMTR
AIRGLOAFE,AIR GLOBAL (MACAU) LIMITADA,,,,,,MOMFM
KEREYEVCE,KERING EYEWEAR SPA,,,,,,ITVCE
TONHSITPE,TONG HSING ELECTRONICS IND. LTD.,,,,,,TWTPE
TILGALMNL,THE TILE GALLERY,,,,,,PHMNL
ZHAXIAFUJ,"ZHANGZHOU XIANGZHOU LEATHER CO.,LTD",,,,,,CNFUJ
ADVFORMNL,ADVANCED FORWARDING AND BROKERAGE INC.,,,,,,PHMNL
GULMODDXB,GULF MODE GARMENTS TRADING LLC,,,,,,AEDXB
SUMSTRAFE,SUMMIT STRAPPING CORPORATION,,,,,,PHMNL
BRICOLANT,BRICOLUX,,,,,,BEANT
SHAIUGSHA,"SHANGHAI IUGIS CARBON INDUSTRY CO.,LTD",,,,,,CNSGH
QORGERNUE,QORVO GERMANY GMBH,,,,,,DENUE
ZARCONCEB,ZARIAH CONSUMER GOODS TRADING,,,,,,PHCEB
PHIWINMNL1,PHILIPPINE WINE MERCHANTS,,,,,,PHMNL
NIDINSMNL,NIDEC INSTRUMENTS (PHILIPPINES) CORPORATION,,,,,,PHMNL
PHINIPMNL,PHIL-NIPPON KYOEI CORPORATION,,,,,,PHMNL
PLMCHEMNL,PLM CHEMICAL CORPORATION,,,,,,PHMNL
JEAOBIMNL,JEANETTE OBIENA,,,,,,PHMNL
CHHSENPNH,CHHAYHENG SENG,,,,,,KHPNH
VARWHORIC,"VARIETY WHOLESALERS, INC.",,,,,,USRIC
YURKIMISL,YURT KIMYASAL URUNLER SAN VE DIS. TIC. LTD. STI,,,,,,TRIST
LEVIMPVLC1,"LEVANTE IMPORTACION Y EXPORTACION, S.L.",,,,,,ESVLC
ALFFERAFE,ALFREDO FERNANDO RAZON GONZALEZ,,,,,,USHNL
WHOINGLBC,WHO INGENIEURGESELLSCHAFT MBH,,,,,,DELBC
BAKFAIMNL,BAKER'S FAIR & FOODMART INC.,,,,,,PHMNL
BALINTLVP,BALSAM INTERNATIONAL UNLIMITED COMPANY,,,,,,IRLVP
MEDICABOS,MEDICA CORPORATION,,,,,,USBOS
BETFULDLC,"BETTERENT FULL SHIPPING CO., LTD",,,,,,CNDAL
OTOOTOAFE,OTOKAR OTOMOTIV VE SAVUNMA SANAYI A.S.,,,,,,TRANK
OTTMARMNL,OTTILIE MARKETING. INC.,,,,,,PHMNL
AIRDIVSRZ,AIR DIVISION MASTERLINE SRL,,,,,,BOSRZ
DIVFREMNL,DIVERSIFIED FREIGHT SYSTEM PHILIPPINES CORPORATION,,,,,,PHMNL
INTCORMNL,"INTERNATIONAL SERVICE CORPS OF ASIA, INC.",,,,,,PHMNL
INSSAFMNL,INSTRUMENTATION AND SAFETY ORTIGAS CORP,,,,,,PHMNL
SHA247CLT,SHADOWTRACK 247 LLC,,,,,,USCLT
INFTECHMNL,INFORMATION TECHNOLOGY SECURITY DISTRIBUTION INC.,,,,,,PHMNL
MELTECTLV,MELLANOX TECHNOLOGIES LTD,,,,,,ILTLV
VEEOMECVE,VEER O METALS PHILIPPINES INCE,,,,,,PHCVE
HERASIAFE,HERRENKNECHT (ASIA) LTD,,,,,,THBKK
HEBNORSJW,"HEBEI NORTH CHINA PHARMACEUTICAL HUAHENG PHARMACEUTICAL CO., LTD",,,,,,CNSJW
COMFOOMNL,COMMONWEALTH FOODS,,,,,,PHMNL
HEXDISMAFE,HEXAGON DISTRIBUTING CORP,,,,,,PHMNL
LOGPLUBOM,LOGISTICS PLUS PRIVATE LIMITED,,,,,,INBOM
EMBCENMNL,EMB CENTRAL,,,,,,PHMNL
WILERRCDG,WILLO [ERRON FRANCE,,,,,,FRCDG
TMAAUSGRN,TMA AUSTRALIA PTY. LIMITED,,,,,,AUGRN
EXU1BAL,EXU-1,,,,,,USBAL
BATMEDBTG,BATANGAS MEDICAL CENTER,,,,,,PHBTG
CQLOGIAFE,CQ LOGISTICS JSC,,,,,,VNHAN
ELCINTDXB,ELCOME INTERNATIONAL LLC,,,,,,AEDXB
DSVSOLBKK,DSV SOLUTIONS LTD,,,,,,THBKK
PANLITAFE,PAN -LITSERVICE JSC,,,,,,LTVIL
WEIINDMNL1,WEIGHTECH INDUSTRIAL SUPPLY,,,,,,PHMNL
CEFPRESZN,CEFETRA PREMIUM OILS USA,,,,,,USSRU
KOELEBNUE,KOENIGSHOF GMBH LEBENSMITTELADDITIVE,,,,,,DENUE
OPTJSCAFE,OPTICOELECTRON GROUP JSC,,,,,,BGSOF
HOMPOTLPT,HOME POTTERY,,,,,,THLPT
DSEMORXIP,DSE MORTAR TRADING,,,,,,CNXIP
SMPHARPET,SM PHARMACEUTICALS SDN. BHD.,,,,,,MYPET
GREARRMNL,GREEN ARROW ENTERPRISES INC.,,,,,,PHMNL
VALMELMNL,VALCO MELTON PHILIPPINES INC,,,,,,PHMNL
GELEVEAFE,GEL EVENTS PTY LTD,,,,,,AUVIC
AMABUKMNL,AMARI’S BUKO TART HAUS,,,,,,PHMNL
MERCONMNL3,MERCURY CONGRESSIONAL,,,,,,PHMNL
FREUGEMNL,FR. EUGENE ELIVERA,,,,,,PHMNL
HANINTSHG,"HANBING INTERNATIONAL TRADE (JIANGSU) CO., LTD.",,,,,,CNSHG
TOPLINMNL1,"TOP LINE88 DISTRIBUTION , INC.",,,,,,PHMNL
SENINDMAO,SENSE INDUSTRIA DE BICICLETAS,,,,,,BRMAO
VANTAGTHN,VANTAGEO PVT LTD,,,,,,INTHN
PALMACAFE,PALTRONICS MACCAU LIMITED,,,,,,MOMFM
LIVDREMNL,LIVING DREAMS OPC,,,,,,PHMNL
ALPCOOJPU,PT. ALPINE COOL UTAMA,,,,,,IDJPU
GUIADRMNL,"GUINTU, ADRIAN DIONISIO",,,,,,PHMNL
CHLEADMNL,CH-LEAD INDUSTRIAL SUPPPLY,,,,,,PHMNL
APOOPTSIN,APOLLO OPTICAL PTE. LTD,,,,,,SGSIN
YASCONCGY,YASHIKA CONSUMER GOODS TRADING,,,,,,PHCGY
IDEPHIMNL,"IDEMIA PHILIPPINES,INC.",,,,,,PHMNL
JERLOGQDG,JERRY LOGISTICS,,,,,,CNQDG
CARCONGRG,CARRON CONTRACTS LTD.,,,,,,GBGRG
FREMARSEK,FREIGHT MARK ASIA (M) SDN BHD,,,,,,MYSEK
COFFAIMNL,COFFAI CORPORATION,,,,,,PHMNL
HIWTECAFE,HIWIN TECHNOLOGIES CORP.,,,,,,TWTPE
PROPFSCMB,PROJECT PFS (PVT) LTD.,,,,,,LKCMB
ALTCUSMNL,ALTAEXPRESS CUSTOMS BROKERAGE,,,,,,PHMNL
GLOGALMNL,GLOBAL GALAXY DISTRIBUTION INC.,,,,,,PHMNL
PREWINMNL1,PREMIER WINE AND SPIRITS INC.,,,,,,PHMNL
SZHENGSZX,"SZ HENGYI INDUSTRIAL CO.,LTD",,,,,,CNSNZ
SANMANMNL1,SAN MANUEL BESS SITE,,,,,,PHMNL
ENERKLSCO,ENERGY RK LLP,,,,,,KZAAU
NORMINCGY,NORTHERN MINDANAO MEDICAL CENTER,,,,,,PHCGY
JPPCARMNL,JPP CARGO LOGISTICS INC.,,,,,,PHMNL
AZEKRICEB,AZEIL KRIS CERNA SOLUTAN,,,,,,PHCEB
NCHARDAFE,NC HARDROCK TRADING COMPANY,,,,,,PHCEB
EMPTECMFM,EMPIRE TECHNOLIGICAL GROUP LTD.,,,,,,MOMFM
YANWEPYNT,"YANTAI WEPOWER ELECTRONICCO., LTD.",,,,,,CNYAT
HUAGUABKK,HUA GUANG WELDING ADVANCED MATERIALS THAILAND CO.LTD.,,,,,,THBKK
ADARADMNL,ADAPTIVE RADIOS CORPORATE CENTER CORPORATE AVE,,,,,,PHMNL
NXLOGIMNL2,"NX LOGISTICS PHILIPPINES,INC",,,,,,PHMNL
TANENTMNL2,TANTUCO ENTERPRISES,,,,,,PHMNL
TEALOGBOM,TEAMGLOBAL LOGISTICS PVT LTD,,,,,,INBOM
MAGINTMNL1,MAGURA INTERNATIONAL MARKETING,,,,,,PHMNL
IMXEURMNL,IMX-EUROPACIFIC INDUSTRIES CORPORATION,,,,,,PHMNL
NOWINTBON,"NOWGO INTERNATIONAL CO.,LTD",,,,,,CNBON
KIWINTCPH,KIWI INTERNATIONAL A/S,,,,,,DKCPH
DARCONDVO,DARIV CONSTRUCTION SRVICES,,,,,,PHDVO
SPXCOOMKC,"SPX COOLING TECH , LLC",,,,,,USMKC
NESEXPSEL,"NESURA EXPRESS CO., LTD",,,,,,KRSEL
ONTIMEMNL,ON TIME MFG INC.,,,,,,PHMNL
SGKAIRMNL,SG KAIROS,,,,,,PHMNL
SUPERPMEL,SUPERPOP,,,,,,AUMEL
TOTBRAMNL,TOTAL BRAND ACTIVATION PHILIPPINES INC,,,,,,PHMNL
ABSSTOILM,ABSOLUTE STONE CORPORATION,,,,,,USILM
IROINDMNL,IROC INDUSTRIAL SALES AND SERVICES INC.,,,,,,PHMNL
EZOLOGLAX,"EZOCEAN LOGISTICS (USA), INC.",,,,,,USLAX
ENERGIMOD,ENERGIEKER,,,,,,ITMOD
SANTRAKTM,SANTONZA TRADE CONCERN PVT LTD,,,,,,NPKTM
SUNHOMHKG,"SUNVISION HOME APPLIANCES (H.K.)CO., LIMITED",,,,,,HKHKG
NAVFLCJFK,NAVSUP FLC SITE SUBIC LSR,,,,,,PHSFS
ALBVARJBK,ALBATRANS INC. C/O VARIOUS SUPPLIES,,,,,,USJBK
THLGOUYVR,THL GOURMET FOODS INC.,,,,,,CAVAN
CARFARNYC,CARRINGTON FARMS,,,,,,USNYC
FLUENEPIB,"FLUENCE ENERGY GLOBAL PRODUCTION OPERATION, LLC",,,,,,USURE
PMFKUEMNL,PMFTC INC. C/O KUEHNE NAGEL,,,,,,PHMNL
EURWATSIN,EUROTEC WATER PTE LTD,,,,,,SGSIN
ALLSTAMNL1,ALL-STAR INDUSTRIAL TRADING,,,,,,PHMNL
10DOIGLIL,10 DOIGTS,,,,,,FRLLE
NATBOOMNL1,NATIONAL BOOK DEVELOPMENT BOARD,,,,,,PHMNL
CROLIFMNL,CROWN LIFT TRUCKS PHILIPPINES CORP.,,,,,,PHMNL
YANBENYTY,"YANGZHOU BENEPACK CO.,LTD.",,,,,,CNYZH
ACMUNICLT,ACME UNITED CORPORATION,,,,,,USCLT
RUNTHAKCB,RUNGSAPPATTANA (THAILAND) COMPANY LIMITED,,,,,,THKCB
UNCHREBL,UNCHR,,,,,,IQEBL
KAGLOGSEK,KAGAYAKU LOGISTICS (M) SDN.BHD,,,,,,MYSEK
VOSBEENSA,VOSSLOH BEEKAY CASTINGS LIMITED,,,,,,INNSA
REBGLOMNL,REBISCO GLOBAL FOOD VENTURES INCORPORATED,,,,,,PHMNL
GZTTELGDN,GZT TELEKOM-TELMOR SP Z.O.O,,,,,,PLGDN
FAMCIRDVO,FAMILY CIRCUS CHILDREN'S MINISTRIES INTERNATIONAL INC,,,,,,PHDVO
GERRESCVE,GERLIE RESMUNDO,,,,,,PHCVE
WUYXIHQGY,"WUYI XIHAO TRADE & INDUSTRY CO., LTD",,,,,,CNQGY
PAIEYELAX,PAIR EYEWEAR,,,,,,USLAX
SUZMOTCAU,SUZUKI MOTOR DE COLOMBIA S.A.,,,,,,COCAU
SEOKNAMNL,"SEOKNAM, INC.",,,,,,PHMNL
SHILOGIAH,SHIPPING LOGISTICS,,,,,,USHOU
RESINTMNL,RESCON INTERNATIONAL,,,,,,PHMNL
KORTOUAFE,KOREA TOURISM ORGANIZATION MANILA OFFICE,,,,,,PHMNL
ASPEBEHAM,ASP-EBERLE E.K,,,,,,DEHAM
FICAUTBCN,"FICOSA AUTOMOTIVE, S.L.U",,,,,,ESBCN
ANGMANSIN,ANGEL MANUFACTURING SINGAPORE PTE. LTD.,,,,,,SGSIN
CCOCONSYD,C COCONUT WATER PTY LTD,,,,,,AUSYD
LUFTECMUC,LUFTHANSA TECHNIK LOGISTICS SERV,,,,,,DEMUC
LAMSANSKU,LAMSAN INC.,,,,,,PHSKU
FILGENMNL1,FILTERTECH GENERAL TRADING,,,,,,PHMNL
HOLPHITAU,"HOLCIM PHILIPPINES, INC.",,,,,,PHTAU
ANNPAUMNL,ANN PAULINE D. ALMAS,,,,,,PHMNL
VIVPLUSEL,VIVID PLUS,,,,,,KRSEL
IFXFREDXB,IFX FREIGHT AND LOGISTICS LLC,,,,,,AEDXB
SILPRETPE,SILICONWARE PRECISION INDUSTRIES CO LTD,,,,,,TWTPE
MARCONCEB,MARJUV CONSUMER GOODS TRADING,,,,,,PHCEB
SUNTRADOH,SUNRISE TRADING & FOOD STUFF CO.,,,,,,QADOH
DEFDEPSFO,DEFENSE DEPOT SAN JOAQUIN,,,,,,USSFO
ARTFAIMNL,ART FAIR PHILIPPINES,,,,,,PHMNL
EURSPIMNL,EURO SPICE AND INGREDIENTS INC.,,,,,,PHMNL
TACCORMNL,TACTICAL CORNER INC,,,,,,PHMNL
UNIINDMNL1,UNIQUEV INDUSTRIAL CORPORATION,,,,,,PHMNL
THREETSGN,THREETEE HOLDING LTD,,,,,,VNSGN
NIKLEAMNL1,"NIKKEN LEASE KOGYO CO., LTD.",,,,,,PHMNL
NASTECMTE,NASSAR TECHNO GROUP,,,,,,LBMTE
GREIMPSTO,GREB IMPORT,,,,,,SESTO
KCCOTTMNL,KC COTTRELL CO LTD,,,,,,PHMNL
NAYPALCEB,NAY PALAD HIDEAWAY,,,,,,PHCEB
STEPHIQZT,STECONFER PHIL. CORPORATION,,,,,,PHQZT
MANPENMNL,"MANILA PENINSULA HOTEL, INC",,,,,,PHMNL
GYEYACICN,GYEONGNAM YACHT FEDERATION,,,,,,KRICN
EKAFLUBAB,EKATO FLUID GMBH,,,,,,DEBAB
SELDESLAX,SELINDRA DESIGN INC,,,,,,USLAX
JOEVCE,JOE & CO. SRL,,,,,,ITVCE
COMPACSIN,COMPACK SINGAPORE PTE LTD,,,,,,SGSIN
BINACCGOA,BINACCHI & CO,,,,,,ITGOA
YAMMOTGRU,"YAMAHA MOTOR ASIAN CENTER CO., LTD",,,,,,BRGRU
CJULHEHAM,C. JUL. HERBERTZ GMBH,,,,,,DEHAM
GOLLINDXB,THE GOLDEN LINE,,,,,,AEDXB
ASIAERMNL1,ASIAN AEROSPACE,,,,,,PHMNL
MUHHILDUS,MUHLINGHAUS & HILDESHEIM,,,,,,DEDUS
DAIWATAFE,DAIWATECH CO LTD,,,,,,JPTYO
COUFROMNL,COURIER FROM SINGAPORE,,,,,,PHMNL
APPLETATL,APPLETON GROUP,,,,,,USATL
SHACONMNL,"SABLAYAN, SHANNEN DIZON",,,,,,PHMNL
CHOONEALM,CHOSEN ONE LAND DEV'T CORPORATION,,,,,,PHALM
TECINTIAH,TECHTRANS INTERNATIONAL,,,,,,USHOU
UNITETMNL,UNITETRIS CORPORATION,,,,,,PHMNL
CLEEDGMNL,CLEAR EDGE PRIME BUILDERS INC,,,,,,PHMNL
IBCKITMNL,IBCOM KITCHEN EQUIPMENT MANILA INC.,,,,,,PHMNL
JIAHIGNKG,JIANGSU HIGH HOPE INTERNATIONAL GROUP,,,,,,CNNJI
KAIAKTMNL,KAI AKTIV WEAR MANUFACTURING CORP.,,,,,,PHMNL
GOLWINMNL1,"GOLDEN WINES, INC.",,,,,,PHMNL
VIRFARCEB,VIRGINIA FARMS INC.,,,,,,PHCEB
KONINTMNL,KONNET INTERNATIONAL (PHILIPPINES) INC.,,,,,,PHMNL
BATPAGGOA,BATTIONI PAGANI POMPE SPA,,,,,,ITGOA
KNKINTICN,"KNK INTERNATIONAL CO., LTD.",,,,,,KRICN
MAELOGBKK,"MAERSK LOGISTICS & SERVICES (THAILAND) CO.,LTD.",,,,,,THBKK
SMYCZENUE,SMYCZEK GMBH & CO KG,,,,,,DENUE
UNIELEMNL1,"UNITED ELECTRICAL SPECIALISTS, INC.",,,,,,PHMNL
SUMSTRMNL,SUMMIT STRAPPING CORPORATION,,,,,,PHMNL
HOSENTMNL1,HOSPITALITY ENTERPRISE RESOURCES CORPORATION (A FILINVEST SUBSIDIARY),,,,,,PHMNL
L3MEDIXSJ,L3 MEDICAL,,,,,,FRXSJ
CRAMULSAO,CRAFT MULTI,,,,,,BRSAO
BESBETJHB,BEST-BETECK FURNITURE SDN BHD,,,,,,MYJHB
THEHEAPHU,THERMOFIN HEAT EXCHANGER (PINGHU) CO.LTD.,,,,,,CNPHU
RODSAGDVO,RODS SAGITTARIUS DRY GOODS TRADING,,,,,,PHDVO
XUDPHICVE,XUDONG PHILIPPINES INC,,,,,,PHCVE
FATRICMNL,FATHER RICKY MONTANEZ,,,,,,PHMNL
TRAEXPAMD,TRANSLOG EXPRESS PVT.LTD.,,,,,,INAMD
UPTPLADVO,UPTOWN PLAZA CORP.,,,,,,PHDVO
SINWHOYYC,SINAG WHOLESALE ORIENTAL STORE INC.,,,,,,CACAL
WAKLUCRK,WAKLU INC,,,,,,PHCRK
NEOASIBKK,"NEOPERL ASIA PACIFIC CO., LTD.",,,,,,THBKK
TOPSCITPE,"TOPCO SCIENTIFIC CO., LTD.",,,,,,TWTPE
ALSTRALIL,ALSTOM TRANSPORT S.A.,,,,,,FRLLE
HEMSCIBEB,HEMSCIA LTD,,,,,,MUBEB
KINPETDLC,"KIND PET PRODUCTS (DALIAN) CO., LTD",,,,,,CNDAL
DFARTAAFE,DF ART AGENCY INC.,,,,,,PHMNL
MSMSERAFE,"MSM SERVICES, S.R.O.",,,,,,ATVIE
FICNORBNA,FICOSA NORTH AMERICA CORP.,,,,,,USBNA
ARCTECMNL1,ARCHEN TECHNOLGIES INC.,,,,,,PHMNL
SWSSALBKK,SWS SALES & MARKETING THAILAND CO. LTD,,,,,,THBKK
FRAAUSMEL,FRANKE AUSTRALIA PTY LTD,,,,,,AUMEL
FAREASMNL1,"FAR EAST INDUSTRIAL SUPPLY AND CO., INC",,,,,,PHMNL
FUJTRETPE,"FUJIN TREE CULTURAL CREATIVE & TECHNOLOGY CO., LTD.",,,,,,TWTPE
WELCOMMNL1,WELLSPRING COMMERCIAL OPC,,,,,,PHMNL
IVFCPHAFE,IVF TECH APS,,,,,,DKCPH
SCCASTMNL,"CASTRO, SHIRLEY CARVERO",,,,,,PHMNL
NECKIMIST,NECM KIMYA (BIORAD),,,,,,TRIST
BEANLAMNL,"BEANLAB, INC.",,,,,,PHMNL
OCEINTMGA,OCEANICA INTERNACIONAL S.A,,,,,,NIMGA
GOKMARMAA,GOKULAM MARINE EXPORT PRIVATE LIMITED,,,,,,INMAA
VINAUTMNL,VINFAST AUTO PHILIPPINES CORP,,,,,,PHMNL
MIDEASCAI,MIDDLE EAST TRADING COMPANY,,,,,,EGCAI
SINCOLLOS,SINAI COLLATERALS LIMITED,,,,,,NGLOS
DIVIRVMNL,DIVINA IRVIN,,,,,,PHMNL
TOORDEBAH1,TO THE ORDER OF AL SALAM BANK B.S.C.,,,,,,BHBAH
MONINTBKK,MONDELEZ INTERNATIONAL (THAILAND) CO.LTD,,,,,,THBKK
CACPHIMNL,AUMOVIO COMPONENTS PHILIPPINES INC,,,,,,PHMNL
NORFIEMNL1,NORTH FIELD TRUCKING SERVICES,,,,,,PHMNL
GEOMACMNL,GEOMACHINE CO.,,,,,,PHMNL
GUIBERMNL1,GUILL-BERN CORPORATION,,,,,,PHMNL
BIDLTDSIN,BIDFOOD SINGAPORE PTE LTDD,,,,,,SGSIN
LUBELENUE,LUBERG-ELEKTRONIK GMBH & CO.,,,,,,DENUE
THUVENBCD,THUNNIDAE VENTURE CORPORATION,,,,,,PHBCD
RIXONAVEN,RIXONA B.V.,,,,,,NLVEN
ALLBAUMNL,ALLGEMEINE BAU CHEMIE PHIL. INC,,,,,,PHMNL
ENIWETIAH,ENIWETOK GROUP LLC,,,,,,USHOU
VISRXLCCU,VISION RX LAB PVT LTD,,,,,,INCCU
AGXEXPPPA,AGX EXPRESS PHILIPPINES INC.,,,,,,PHPPA
CONLOGMNL,CONTINENTLINE LOGISTICS,,,,,,PHMNL
SOLGOSEA,"SOL-GO, INC.",,,,,,USSEA
NESAUSSYD,NESTLE AUSTRALIA,,,,,,AUSYD
PANPOWMNL,PANAY POWER,,,,,,PHMNL
GAREQUBOM,GARTECH EQUIPMENTS PVT LTD,,,,,,INBOM
INTLOGBAV,INTERNATIONAL LOGISTIC GATEWAY S.R.O.,,,,,,CZBAV
TECWORNUE,TECTRON WORBIS GMBH,,,,,,DENUE
NEWFOOMNL1,NEW FOOD COATINGS (PHILIPPINES) INCORPORATED,,,,,,PHMNL
HICSTOLAX,HIC STONE US INCORPORATION,,,,,,USLAX
TABINCMNL,TABACALERA INCORPORADA,,,,,,PHMNL
SHEBRIAFE,"SHENZHEN BRILLIANT EXHIBITION SERVICE CO.,LTD",,,,,,CNSZX
LINGULMNL,LINA GULLE,,,,,,PHMNL
IGPENGMAA,M/S. IGP ENGINEERS PVT LTD.,,,,,,INMAA
REDWINMNL,REDANDWHITE WINE INC.,,,,,,PHMNL
VJKINTDVO,VJK INTERNATIONAL IMPEX CORPORATION,,,,,,PHDVO
PREASICHG,PRESSTI ASIA SINGAPORE PTE LTD,,,,,,SGCHG
GARMAICGK1,PT GARUDA MAINTENANCE FACILITY AEROASIA,,,,,,IDCGK
KINELEMNL1,KINPO ELECTRONICS PHILIPPINES INC,,,,,,PHMNL
DELTAMAFE,DELTAMAN,,,,,,PHMNL
DKTHEAMNL,"DKT HEALTH, INC.",,,,,,PHMNL
SHIFUJMNL,SHIMIZU-FUJITA-TAKENAKA-EEI JOINT VENTURE,,,,,,PHMNL
FREEXPMEA,FREIGHT EXPERT,,,,,,FRMEA
GOLPOWAFE,GOLDLINK POWER JIANGSU CO LTD,,,,,,CNCZX
FAIKNIMNL,"FAIRLAND KNITCRAFT CO., INC.",,,,,,PHMNL
MAGBESMNL,MAGAPIT BESS SITE,,,,,,PHMNL
RANCONMNL,RANNS CONSUMER GOODS TRADING,,,,,,PHMNL
EATYALYHM,EATON YALE CO.,,,,,,CAHAM
HERITASEL,HERITAGE,,,,,,KRSEL
KEMKITHKG,KEMPLION KITCHENWARE COMPANY LIMITED,,,,,,HKHKG
ITLFRESGN,ITL FREIGHT MANAGEMENT JOINT STOCK COMPANY,,,,,,VNSGN
DSVAIRMNL1,DSV AIR & SEA INC.,,,,,,PHMNL
NORHONHKG,NORMET HONGKONG LTD.,,,,,,HKHKG
ELEMOTBHT,ELECTRO MOTO PTY LTD,,,,,,AUBHT
AMMANJKT,PT AMMAN,,,,,,IDJKT
BUCPACSAV,BUCKEYE PACI4FIC LLC,,,,,,USSAV
NGITECAAFE,NGINES TECHNOLOGY INC,,,,,,PHMNL
AENTSCN,"AENT CO., LTD",,,,,,KRSCN
DATACEMNL,DATACENTRIC CORPORATION,,,,,,PHMNL
PALHEAJAI,PALADDIN HEALTHCARE PVT. LTD.,,,,,,INJAI
HOPTIESGN,HOP TIEN TECHNOLOGY ENGINEERING CO LTD,,,,,,VNSGN
RAPMPHAFE,RAPHE MPHIBR PVT LTD,,,,,,INBOM
DJMGRAMNL,DJM GRANDEUR CORPORATION,,,,,,PHMNL
SHYLOGROZ,SHYPPLE LOGISTICS B.V.,,,,,,NLROZ
EFLGLOBRU,EFL GLOBAL - BELGIUM,,,,,,BEBRU
HELPERDXB,HELIOS PERFUMES & COSMETICS LLC,,,,,,AEDXB
FDCMISMNL,FDC MISAMIS POWER CORPORATION,,,,,,PHMNL
FENOUTHAM,FENIX OUTDOOR LOGISTICS GMBH,,,,,,DEHAM
FLORARREC,FLORARTE,,,,,,BRREC
EURCARMNL1,EURO-CARE PRODUCTS PHILS.,,,,,,PHMNL
BRUENGBWN,"BRUNEI ENGINEERING, LOGISTIC AND TRAINING SOLUTIONS (BELTS) SDN BHD",,,,,,BNBWN
LUXPHIMNL1,"LUXEASIA, INC (PHILIPPINES)",,,,,,PHMNL
BASRAIMNL,BASILIO RAINIER SANTOS,,,,,,PHMNL
SUPPHIMNL1,SUPPORTWARE PHILLIPINES INC.,,,,,,PHMNL
KUWTECKWI,KUWAIT TECHNET COMPANY,,,,,,KWKWI
COUNOVSIN,COURTYARD SINGAPORE NOVENA,,,,,,SGSIN
SANMIGMNL4,"SMGP BESS POWER INC.(FORMERLY: UNIVERSAL POWER SOLUTION, INC.)",,,,,,PHMNL
RAMSCOMNL,RAMP-S CORP,,,,,,PHMNL
TLHHOUCEB,TLH HOUSEHOLD GOODS TRADING,,,,,,PHCEB
ISLCONMNL,"SARTE, JOEY PERALTA",,,,,,PHMNL
TRADECMEM,TRADECIE LLC,,,,,,USMEM
BDSMEDMNL,BDSCIENTIA MEDICAL AND DIAGNOSTICS SUPPLIES INC.,,,,,,PHMNL
SHATHISHA,"SHANGHAI THINKTANK PROCESS MANAGEMENT CO., LTD.",,,,,,CNSGH
NEWINDMNL1,"SALVADOR, LESTER MALICDEM",,,,,,PHMNL
CORWONMNL,CORINNE WONG,,,,,,PHMNL
AJSBUIMNL,"CASTILLO,ABRAHAM NERO DIONIDO",,,,,,PHMNL
ARNARTAFE,ARNDT ART AGENCY,,,,,,DEBER
DRADURZLO,DRAKA DURANGO S. DE R.L DE C.V,,,,,,MXZLO
DENCUAANT,DENI CUAYO,,,,,,PHANT
CEBIWACEB1,CEBU IWAKAMI INC,,,,,,PHCEB
GEOSFELEH,GEOSFER LIMITED,,,,,,FRLEH
DESQUAMXP,DESIGN QUALITY MANUFACTURING SPA,,,,,,ITMXP
RELEXBSL,RELEX AG,,,,,,CHBSL
VINBODALC,VINAELENA BODEGAS,,,,,,ESALC
FOSSANSZX,"FOSHAN SANSHUI EN-SNOW FOODS CO., LTD.",,,,,,CNSZX
ANNNINAMS,ANNA + NINA B.V,,,,,,NLAMS
MENENGCEB,MEN ENGINEERING SERVICES & TECHNOLOGY SYSTEM,,,,,,PHCEB
SONEPASIN,SONEPAR SINGAPORE PTE. LTD.,,,,,,SGSIN
BIZTECBEG,BIZLINK TECHNOLOGY SRB D.O.O.,,,,,,RSBEG
NGOKATMNL,NGO KATHERINE CHING,,,,,,PHMNL
ROLMOLMNL,ROLANDO MOLON MANALO,,,,,,PHMNL
PROWORNVD,PROGLO WORLD,,,,,,USNVD
DELMONMWT,DEL MONTE INTERNATIONAL GMBH- BARBADOS BRANCH,,,,,,BRMWT
PHIAIRMNL1,"PHILIPPINE AIRLINES, INC.",,,,,,PHMNL
ASHTABAKL,ASHTABULA,,,,,,NZAKL
HAUVERNUE,HAUG VERTRIEBS GMBH & CO. KG,,,,,,DENUE
REASCMCAN,"REALOGISTICS SCM (GUANGZHOU) CO.,LTD",,,,,,CNGGZ
DSCABLHKG,D AND S CABLE INDUSTRIES (HK) LTD.,,,,,,HKHKG
RUISINHAM,RUISINGER GMBH & CO. KG,,,,,,DEHAM
FFWHOLMEL,FF WHOLESALE PVT LTD,,,,,,AUMEL
SEAFOOMNL,SEACHAMP FOODS CORPORATION,,,,,,PHMNL
NOALOGAUH,NOATUM LOGISTICS (MIDDLE EAST),,,,,,AEAUH
FIMERRMI,FIMER SPA,,,,,,ITRMI
PENBUIMNL,PENTAGON BUILDING SYSTEMS CORPORATION,,,,,,PHMNL
LTSMARMFM,LT SMART LIMITED,,,,,,MOMFM
MECINDMNL,MECHSYS INDUSTRIAL CORP.,,,,,,PHMNL
ARIPHIAFE,ARISTOCRAT( PHILIPPINES) PYT LTD,,,,,,PHMNL
DERBYPTY,DERBY S.A.,,,,,,PAPTY
INTMICMEX,INTEGRATED MICRO-ELECTRONICS MÉXICO S.A.P.I DE C.V | MÉXICO (IMI 1,,,,,,MXMEX
FURCORMNL,FURNICHE CORP.,,,,,,PHMNL
JLAICHMNL,J-LAI CHEMICAL CORPORATION,,,,,,PHMNL
FOAMXP,FOA SRL,,,,,,ITMXP
TUSTURAFE,TUSAS TURK HAVACILIK VE UZAY SANAYI A.S.,,,,,,TRANK
KLACOC,KLASSIC COCONUT VAN AMERONGEN & SON INC.,,,,,,CAVAN
HEWCOKOCT,HEWITECH GMBH & CO.KG,,,,,,DEOCT
BINGLOJKT,PT. BINA GLOBAL TRANSPORT,,,,,,IDJKT
PROCLECPT,PRONTO CLEARING CC,,,,,,ZACPT
FB5FB5KCZ,FB5270 FB5270 18 LRS LGRDCC,,,,,,JPKCZ
SHEJINSZX3,"SHENZHEN JINZHIQUAN IMPORTS & EXPORTS CO., LTD.",,,,,,CNSNZ
WERHOORTM,WERKMAN HOOFCARE,,,,,,NLRTM
BERTOLRNE,BERTOLI,,,,,,ITRNE
ANKAVIMNL,ANKALAYA AVIATION SERVICES INC.,,,,,,PHMNL
ONETOPMNL1,ONE TOP MEDICAL SYSTEMS RESOURCES,,,,,,PHMNL
HERPASMNL,HERONIO PASCO C/O SORIAMONT STEAMSHIP AGENCIES INC,,,,,,PHMNL
ABIACOMNL,"BIACO, ALEXER DE TOMAS",,,,,,PHMNL
USDEPAGUM,US DEPARTMENT OF STATE,,,,,,GUGUM
IWALOGSIN,IWA LOGISTICS PTE LTD,,,,,,SGSIN
NEPFILAFE,NEP FILM TV & RADIO PRODUCTION SERVICES L.L.C,,,,,,AEDXB
PEAPRENDA,PEARL PRECISION PRODUCTS PVT LTD.,,,,,,INNDA
NORGALARN,NORDISKA GALLERIET GOTEBORG,,,,,,SEARN
ROBBOSCHS,ROBERT BOSCH LLC,,,,,,USCHS
JUNZHOZHE,"JUNHUA ZHONGYI FURNITURE CO.,LTD.",,,,,,CNZHE
QINBAITAOAFE,"QINGDAO BAICHEN HUSBANDRY CO.,LTD.",,,,,,CNQIN
SEBAGRDXB,SEBAT AGRO GENERAL TRADING LLC,,,,,,AEDXB
ABCTERMNL,ABC TERESA MANUFACTURING,,,,,,PHMNL
18DEGRBTG,18 DEGREES BEYOND CO.LTD,,,,,,PHBTG
PHIVALMNL1,PHINOX VALVES & FITTINGS OPC,,,,,,PHMNL
FTGTRAAFE,FTGV TRANSPORT LOGISTICS CARGO,,,,,,MXMEX
MIGTIMMNL,MIGHTY TIMBOS LOVE,,,,,,PHMNL
GOFAIRHRP,GOFOWARD AIRSEA,,,,,,DKHRP
GRAINT2KS,GRAINGER INTERNATIONAL INC. AKA GRAINGER GLOBAL SOURCING,,,,,,US2KS
SURGICMNL1,SURGICAL CORPORATION,,,,,,PHMNL
NIDGRAVIE,NIDEC GRAESSNER AUSTRIA GMBH,,,,,,ATVIE
RECENESEK,RECOVERED ENERGY ENGINEERING SDN BHD,,,,,,MYSEK
TITARMMNL,TITAN ARMORED CARS AND SERVICES INC,,,,,,PHMNL
SECLINMNL1,SECUR LINKS NETWORK AND TECH INC.,,,,,,PHMNL
ECCROSMOW,"ECCO-ROS, LTD",,,,,,RUMOW
CPDTRI,CPDI TRIPP LITE CHICAGO/WOODRIDGE PLANT,,,,,,USCHI
MARCONCEB1,MARINOLD CONSUMER GOODS TRADING,,,,,,PHCEB
JVCKENSIN,JVC KENWOOD SINGAPORE,,,,,,SGSIN
DAEDONDPS,PT. DAE DONG BLIND INDONESIA,,,,,,IDDPS
RIMTRAMLA,RIMUS TRADING AGENCY LIMITED,,,,,,MTMLA
COUFORRBC,COUPLES FOR CHRIST – CANADA,,,,,,CARBC
VIATRIMNL,VIATRIS INC,,,,,,PHMNL
PERROELAX,PERRON ROETTINGER,,,,,,USLAX
AMACARSUB,P.T. AMARTA CARRAGEENAN INDONESIA,,,,,,IDSUB
IMPPROMNL1,IMPENETRA PROTECTION OPC,,,,,,PHMNL
TYSNETDKR,TYSTA NETWORKS,,,,,,SNDKR
BASINDAFE,BASSO INDUSTRY CORP.,,,,,,TWTPE
KIRCARMNL,KIRUBAE CARTOON PACKAGING & METAL FABRICATION,,,,,,PHMNL
SHAORIMNLAFE,SHANGHAI ORIENTAL TEXTILE CORPORATION,,,,,,PHMNL
GLEGEMCEB,GLENN GEMPEROA,,,,,,PHCEB
HEBSHEHES,HEBEI SHENGXIN METAL PRODUCTS CO.LTD.,,,,,,CNHES
JOYANAALW,JOYSON ANAND ABHISHEK SAFETY SYSTEMS PVT. LTD.,,,,,,INALW
HELHKGAFE,HELU-TRANS (HK) PTE LTD,,,,,,HKHKG
ADEFURORD,ADEPT FURNITURE,,,,,,USORD
DEC8SIBKK,"DECOR 8 SIAM CO., LTD",,,,,,THBKK
SHUVIETNT,SHUBDAD (VIETNAM) INDUSTRIAL COMPANY LIMITED,,,,,,VNTNT
ECDAUGMNL1,E.C. DAUGHSON INC.,,,,,,PHMNL
OCEDIVMNL,OCEAN DIVE SUPPLY PHILIPPINES INC,,,,,,PHMNL
BUYDISDVO,"BUYERSLINK DISTRIBUTION, INC.",,,,,,PHDVO
ADVBUIMNL,"ADVANCED BUILDING SOLUTIONS PHILIPPINES, INC.",,,,,,PHMNL
SHEBUIMNL,SHERA BUILDING SOLUTION (PHILIPPINES) CORP.,,,,,,PHMNL
THAINSPTH,THAILAND INSTITUTE OF SCIENTIFIC AND TECHNOLOGICAL RESEARCH,,,,,,THPTH
QINLUOAFE,"QINGDAO LUOBO MACHINERY CO., LTD",,,,,,CNQIN
HONCONCEB,HONORARY CONSULATE OF SWITZERLAND IN CEBU,,,,,,PHCEB
FANLTDUBT,FANEM LTDA,,,,,,BRUBT
REFSUPMNL,REFT SUPPLY AND SERVICES INC.EC INDUSTRIAL,,,,,,PHMNL
TITARMGES,TITAN ARMORED CARS AND SERVICES INC,,,,,,PHGES
CONDOHBUD,CONTINENTAL DOHANYIPARI ZRT.,,,,,,HUBUD
AIRXBEKUL,AIRASIA X BERHAD,,,,,,MYKUL
DAISNAMNL,DAILY SNACKS OPC,,,,,,PHMNL
XIACOMAFE,"XIAMEN COMACCORD LOGISTICS CO.,LTD.",,,,,,CNXIA
YOLINTMNL,YOLI INTERNATIONAL PHILIPPINES DISTRIBUTION INC.,,,,,,PHMNL
MASTOBDAR,"MASTERMIND TOBACCO (T) LTD,",,,,,,TZDAR
AACLIGCEB,AAC LIGHTWEIGHT BLOCK CORPORATION,,,,,,PHCEB
EVEINDMNL1,EVERBRIGHT INDUSTRY CORPORATION,,,,,,PHMNL
GENITSMNL,GENTECH IT SOLUTIONS CORP.,,,,,,PHMNL
LAPEREMNL,"LA PEREGRINA FILIPINA, INC.",,,,,,PHMNL
BANINNBKK,"BANGKOK INNOVATION ZYSTEM CO, LTD",,,,,,THBKK
CARSTRMNL,CARLOS STREEGAN,,,,,,PHMNL
ASICOCCTN,ASIA COCONUT PROCESSING JOINT STOCK COMPANY,,,,,,VNCTN
SILEXPSIN1,"SILK EXPRESS FREIGHT PTE.,LTD",,,,,,SGSIN
BONFINAFE,BONDS FINE ART LOGISTICS COMPANY LIMITED,,,,,,HKHKG
RJREYNRIC,R.J. REYNOLDS TOBACCO COMPANY,,,,,,USRIC
CASCUEMEX,"CASA CUERVO, S.A. DE C.V",,,,,,MXMEX
PHIARTAFE,"PHILIPPINE ART EVENTS, INC.",,,,,,PHMNL
SANJOSDVO,SAN JOSUE REALTY AND DEVELOPMENT CORPORATION,,,,,,PHDVO
HOTINTCEB,HOTWORK INTERNATIONAL INC.,,,,,,PHCEB
POSECSPAM,POSCO E&C SITE,,,,,,PHPAM
REDINGMNL,REDACHEM INGREDIENTS PHILIPPINES INC,,,,,,PHMNL
PANMANMNL1,PANASONIC MANUFACTURING PHILIPPINES CORPORATION,,,,,,PHMNL
ICOPACPET,ICON PACKAGING SDN BHD,,,,,,MYPET
INVSECOLS,INVUE SECURITY PRODUCTS INC.,,,,,,USOLS
BAYINDSUB,PT BAYER INDONESIA,,,,,,IDSUB
UNIILOAFE,UNIVERSITY OF THE PHILIPPINES VISAYAS MIAGAO,,,,,,PHILO
PROFPSCMB,PROJECTS FPS (PVT) LTD.,,,,,,LKCMB
IPOSOLMNL,IPOLYMER SOLUTIONS CORPORATION,,,,,,PHMNL
DAISCIAFE,"DAIHAN SCIENTIFIC CO., LTD",,,,,,KRSEL
LUCINNMNL,LUCKY INNOVATIVE MANUFACTURING CORP.,,,,,,PHMNL
CENTRUPRGAFE,CENTRUMSPED S.R.O.,,,,,,CZPRG
MIZUNOSIN,MIZUNO SINGAPORE PTE LTD,,,,,,SGSIN
MAXGUATIH,"MAXCARE (GUANGZHOU) COSMETICS CO., LTD",,,,,,CNTIH
JCMEURDUS,JCM EUROPE GMBH.,,,,,,DEDUS
PHIAIRMNL2,PHILIPPINE AIRLINES INC,,,,,,PHMNL
TOPDISMNL1,TOPLINE88 DISTRIBUTION INC.,,,,,,PHMNL
NEXWISPJA,NEXUS WISE SDN BHD,,,,,,MYPJA
DANALLMNL,DANNIEVHER ALLAYNE REYES ATIENZA,,,,,,PHMNL
EZSHONHKG,EZSVS (HONGKONG) CO. LIMITED,,,,,,HKHKG
OUTSHAAFE,OUTSHAPED,,,,,,USORD
OLDBUSBFS,THE OLD BUSHMILLS DISTILLERY CO LTD,,,,,,GBBEL
BINCONCEB,BINOREZ CONSUMER GOODS TRADING,,,,,,PHCEB
ALSTRAMNL,ALSTOM TRANSPORT CONSTRUCTION,,,,,,PHMNL
IDEBRAGRU,IDEAL BRASIL IND E COM DE INFRA ESTRUTURA,,,,,,BRGRU
COSINDJKT,PT COSMAX INDONESIA,,,,,,IDJKT
HYOGOOSEL,HYOSUNG GOODSPRINGS INC.,,,,,,KRSEL
JUXHURDEZAFE,"JUXIN HURSBANDRY EQUIPTMENT CO., LTD",,,,,,CNDEZ
SKYSEASEL,SKYWORLD SEA AND AIR CO. LTD.,,,,,,KRSEL
CHRBERCEB,CHRISTIAN BERNARD TAN,,,,,,PHCEB
REBINTMNL,REBTRADE INTERNATIONAL CORPORATION,,,,,,PHMNL
BURDOKMNL,BURIZA DO KYANON CONSUMER GOODS TRADING,,,,,,PHMNL
ENSILISIN,ENSILIO,,,,,,SGSIN
ROTAIRCRO,ROTAIR S.P.A,,,,,,ITCRO
SAUAERJEH,SAUDIA AEROSPACE ENGNEERING IND.,,,,,,SAJEH
FEPPRIMNL1,"FEP (PRINT TOWN), INC.",,,,,,PHMNL
SYNTRAIEV,SYNERGY TRADING AND MARKETING PTE. LTD DISCON LTD,,,,,,UAIEV
CJFOODMNL,CJ FOODS PHILIPPINES CORP.,,,,,,PHMNL
BIGNETLAX,BIGLEAF NETWORKS INC.,,,,,,USLAX
NAYAXTLV,NAYAX LTD.,,,,,,ILTLV
SUCBEIMNL,SUCCESSMORE BEING (PHILLIPINES) LTD OPC.,,,,,,PHMNL
TAIGEMAFE,TAIS GEMI INSA VE TEKNOLOJI A.S.,,,,,,TRIST
ZHEZORZHE,"ZHEJIANG ZOREYA COSMETIC CO.,LTD.",,,,,,CNZHE
MOLELTCLL,MOLINO EL TRIUNFO S.A,,,,,,PECLL
APPELEMNL,APP ELECTRIC CORP,,,,,,PHMNL
RAINPHMNL,RAINPHIL INC.,,,,,,PHMNL
DCLLOGSDF,DCL LOGISTICS,,,,,,USLUI
PABENCCV,PABEN S.R.L,,,,,,ITCCV
SPADEBSCS,SPARTAN DE BOLIVIA SRL,,,,,,BOSCS
NLBARB,NLB CORPORATION,,,,,,USARB
SAFEAIMNL,SAFEAIR CORPORATION,,,,,,PHMNL
EDAMAMMNL,EDAMAMA,,,,,,PHMNL
XUYIOUZSN,"XU YI OU GE ELECTRONIC CO.,LTD",,,,,,CNZSN
DOLINTAFE,DOLPHIN INTERNATIONAL EXHIBITION LOGISTICS CO LTD,,,,,,TWTPE
GRAINTMEM,GRAINGER INTERNATIONAL INC. AKA GRAINGER GLOBAL SOURCING,,,,,,USMEM
GUAGESCAN,"GUANGZHOU GESU1 TRADING CO.,LTD.",,,,,,CNGGZ
LLZFOOAFE,LLZ FOODS CORPORATION,,,,,,PHNOP
PEOOFLAFE,PEOPLE OF LOGISTICS,,,,,,KRSEL
ISEGNIGOA,I SEGNI DEL TEMPO S.R.L.,,,,,,ITGOA
CHOPLAMNL,CHOEI PLASTIC WORLD PHILIPPINES INC.,,,,,,PHMNL
FRIUNIPSR,FRIOS SRL SOCIETA UNIPERSONALE,,,,,,ITPSR
UNICOMMNL1,UNIVERSAL COMMERCIAL CORPORATION,,,,,,PHMNL
HUPEDEHAM,HÜPEDEN & CO. GMBH & CO. KG,,,,,,DEHAM
JCALLEBIC,J. CALLEJA IMPORT & EXPORT LTD,,,,,,MTBIC
SANMIGMNL1,SAN MIGUEL FOODS INC.,,,,,,PHMNL
HONCYBHKG,HONGKONG CYBORWELL INTERNATIONAL LIMITED,,,,,,HKHKG
AAAPHAMNL,AAA PHARMA INC,,,,,,PHMNL
INNTECMUA,INNOVATIVE TECHNOLGY CORPORATION,,,,,,BNMUA
ASTLOGAFE,AST LOGISTICS SDN BHD,,,,,,MYKUL
PEGGASGE2,PEGORARO GAS TECHNOLOGIES SRL,,,,,,ITGE2
BIABISIZM,BIANCHI BISIKLET SANAYI VE TICARET LIMITED SIRKETI,,,,,,TRIZM
WESCITMNL,WESTSIDE CITY INC.,,,,,,PHMNL
TSUSHIZOS,TSUNEISHI GROUP (ZHOUSHAN) SHIPBUILDING INC.,,,,,,CNZOS
MIUSINMNLAFE,MIURA SINGAPORE CO PTE. LTD. - PHILIPPINE BRANCH,,,,,,PHMNL
NISPHIMNL,NISSAN PHILIPPINES INC.,,,,,,PHMNL
ROCITFAFE,ROCK IT FREIGHT CARGO LLC,,,,,,AEDXB
GENEAVSIN,GENERATION AV PTE LTD,,,,,,SGSIN
JIAGLO,"JIANGXI GLOBAL ENTERPRISE CO., LTD",,,,,,CNJNX
SHELEFAFE,SHENZHEN LE FEET INNOVATION TECH CO,,,,,,HKHKG
PLEPLAMNL,PLEXCO PLASTIC PRODUCTS INC.,,,,,,PHMNL
SANKINNGO,SANKO KINZOKU CO. LTD.,,,,,,JPNGO
EXPSOLMNL1,EXPEDIA SOLUTIONS SPECIALIST INC,,,,,,PHMNL
TOPMARMNL1,TOPCOMS MARKETING CORPORATION,,,,,,PHMNL
EXPRESLAX,"EXPRESS, LLC.",,,,,,USLAX
MARMILSCK,MARIA MILAGROSA GABRIEL NINO,,,,,,USSCK
REEMOLXFW,REEL MÖLLER GMBH,,,,,,DEXFW
YAZKOTISL,YAZAKI KOTOZUKURI HUB TÜRKIYE (YKH-T),,,,,,TRIST
NOVVENMNL,NOVAPOWER VENTURES INC,,,,,,PHMNL
COMINDAFE,COMPAK INDUSTRIAL MACHINERY TRADING,,,,,,PHMNL
MCAFOOMNL,MCASIA FOODTRADE CORPORATION,,,,,,PHMNL
UNIROBCEB1,UNIVERSAL ROBINA CORPORATION,,,,,,PHCEB
MAOTECTSN,"MAOHE(TIANJIN) TECHNOLOGIES CO, LTD",,,,,,CNTNJ
WASTECAFE,"WASSER TECH CO.,LTD.",,,,,,THBKK
PANCOLHKG,PANASONIC HONG KONG CO.LTD.,,,,,,HKHKG
JCMEURFRA1,JCM EUROPE GMBH,,,,,,DEFRA
STAINTNUE,STABILO INTERNATIONAL GMBH,,,,,,DENUE
SOFCORMNL,SOFITEC CORP.,,,,,,PHMNL
OCTCHEMNL,OCTOEIGHT CHEMICAL CORPORATION,,,,,,PHMNL
ROSCONMFM,"ROSE CONTAINERLINE, INC",,,,,,MOMFM
CDGPACMNL,CDG PACIFIC CONSOLIDATION AND TRADING INC,,,,,,PHMNL
STOOFDMNL,STONE OF DAVID CORPORATION,,,,,,PHMNL
VERPHIAFE,VERSA GROUP PHIL. CORP.,,,,,,PHMNL
DSESUPDVO,DSE SUPPLIES INC.,,,,,,PHDVO
J4LDA,J4 S.R.O,,,,,,CZLDA
VOROPTLAX,VORTEX OPTICS,,,,,,USLAX
GUADESCAN,"GUANGZHOU DESHUN AUDIO CO., LTD.",,,,,,CNGGZ
NORGALARN1,NORDISKA GALLERIET FURNITURE AB,,,,,,SEARN
DIVIRVBNE,DIVINA IRVIN,,,,,,AUBNE
TSYINDMNL,T'SYS INDUSTRIAL CONTROLS INC.,,,,,,PHMNL
GICODABCN,GICODA S.L,,,,,,ESBCN
SEAAIRCDG,SEAFRIGO AIRFREIGHT,,,,,,FRCDG
ARTINSTAFE,ARTSPLUS INSTITUTE OF CONTEMPORARY ARTS,,,,,,JPTYO
ENAWINAFE,ENABLING WIN INDIA PRIVATE LIMITED,,,,,,INBOM
BRAFORDXB,BRANDS FOR LESS (BFL) FZE,,,,,,AEDXB
AIRSEATPE,AIR SEA WORLDWIDE TAIWAN LTD,,,,,,TWTPE
PALTRA,PALAU TRADING CO,,,,,,PWROR
KORHYDPUS,"KOREA HYDRAULIC CO., LTD.",,,,,,KRPUS
WANREFSHA,WANXIANG REFRIGERATION (SHANGHAI) CO.LTD,,,,,,CNSGH
GAPRINMNL,GA PRINTING INCORPORATED,,,,,,PHMNL
OMMANUMNL1,"O.M MANUFACTURING PHILIPPINES, INC.",,,,,,PHMNL
PURONICPT,PURPLE ONION CREATIVE T/A ESTABLISHMENT,,,,,,ZACPT
FOOBEVMNL,"FOOD & BEVERAGE, INC.",,,,,,PHMNL
CALFOOMMX,CALDIC FOOD SERVICE & RETAIL,,,,,,SEMMA
SUDEXTLL,SUDEX,,,,,,EETLL
NEWCITMNL,NEW CITY COMMERCIAL CORPORATION,,,,,,PHMNL
SINSHAAFE,SINOTRANS SHANGHAI WELL-TRANS INTERNATIONAL LOGISTICS CO. LTD,,,,,,CNSHA
JPOPTIKHH,JP OPTICAL PTE LTD,,,,,,TWKHH
SHAGOOSHA1,"SHANGHAI GOODHOPE CO.,LTD.",,,,,,CNSGH
QURGERNUE,QURVO GERMANY GMBH,,,,,,DENUE
ORYTECNDA,ORYGGI TECHNOLOGIES PRIVATE LIMITED,,,,,,INNDA
PROGOVAFE,PROVINCIAL GOVERNMENT OF QUIRINO,,,,,,PHMNL
NEWTONMNL,NEWTON,,,,,,PHMNL
ALLALKKWI,"ALLOALOAH ALKUWAITYAH CO.,",,,,,,KWKWI
TBSCONNAV,TBS CONTAINER YARD OPC,,,,,,PHNAV
TOPAGRMNL,TOP AGRICARE SUPPLIES INC,,,,,,PHMNL
SENCARPRG,SENT CARGO S.R.O,,,,,,CZPRG
CAMPHAMNL1,"CAMBER PHARMACEUTICALS , INC.",,,,,,PHMNL
KOVVEHAFE,KOVICO(KOREA VEHICLE & INDUSTRY CO. LTD,,,,,,KRSEL
LUFTECGES,LUFTHANSA TECHNIK PHILS,,,,,,PHGES
ROGPOULAX,ROGIER POULTRY SUPPLIES,,,,,,USLAX
CHRISTHKG,CHRISTIE'S HONG KONG,,,,,,HKHKG
HUAJINAFE,HUANGYAN JINZHUO PLASTIC MOULD FACTORY,,,,,,CNSUH
JINZHOJHA,JINHUA ZHONGYI FURNITURE CO.LTD.,,,,,,CNJHA
MACALPMNL,MAC ALPHA OMEGA IND SALES INC.,,,,,,PHMNL
BEYGIDIST,BEYAZ GIDA SAN. VE DıŞ TIC. LTD. STI,,,,,,TRIST
KINFRELAX,KING FREIGHT NEW YORK INC.,,,,,,USLAX
TREINDCEB,TRESCORE INDUSTRIAL SOLUTIONS CORP.,,,,,,PHCEB
SOLINDDEL,SOLUM INDIA HIGHTECH PVT LTD,,,,,,INDEL
HUMSINAFE,HUMANS SINCE 1982,,,,,,SESTO
CASFAMYDA,CASELLA FAMILY BRANDS,,,,,,AUYDA
MUXORIMNL,MUX ORIENTAL HOME INC,,,,,,PHMNL
TOORDEBAH,TO ORDER OF AL SALAM BANK B.S.C,,,,,,BHBAH
LEAOFFMNL,LEAPED-OFFICE TIRES TRADING,,,,,,PHMNL
FLEPROLIS,"FLEX2000-PRODUTOS FLEXIVEIS, S,A.RUA ENG.",,,,,,PTLIS
ALSTRAMNL1,"ALSTOM TRANSPORT CONSTRUCTION PHILIPPINES, INC.",,,,,,PHMNL
PLUCARZLO,PLUS CARGO MEXICO G.R. COMPANY,,,,,,MXZLO
DEPOFTMNL2,DEPARTMENT OF TRANSPORTATION,,,,,,PHMNL
CENDISMNL,"CENTURY DISTRIBUTION SYSTEMS, INC.",,,,,,PHMNL
DTPROJDFW,DT PROJECT AMERICA,,,,,,USDFW
SEVPRODWC,SEVILLE PRODUCTS (L.L.C) (BRANCH),,,,,,AEDWC
NGSTRAAFE,NGSTAR TRADING,,,,,,PHMNL
VMCHS,V & M,,,,,,USCHS
PPACUSCEB,PPA CUSTOMS BROKERAGE,,,,,,PHCEB
KIMFOOCEB,"KIMES FOOD INTERNATIONAL, INC.",,,,,,PHCEB
NASINTMNL,NASACO INTERNATIONAL INC,,,,,,PHMNL
PHILPAMNL1,PHILPACKAGING CORPORATION,,,,,,PHMNL
WINEXPLGB,WINN EXPO SOLUTIONS,,,,,,USLGB
GRACRUMNL,GRAND CRU WINES AND SPIRITS INC.,,,,,,PHMNL
ALLSTINYC,ALLSTILES INC.,,,,,,USNYC
HUBNETAFE,"HUBNET CO ., LTD",,,,,,JPTYO
IVVITAARE,IVV ITALIA SRL,,,,,,ITARE
ZIXCOLBOG,ZIX COLOMBIA S.A.S,,,,,,COBOG
LPCOSMSEL,"L&P COSMETICS CO.,LTD.",,,,,,KRSEL
SAGMETMNL,SAGARA METRO PLASTICS INDUSTRIAL CORPORATION,,,,,,PHMNL
SHAEASQDG,"SHANDONG EASENT BIOTECHNOLOGY GROUP CO., LTD",,,,,,CNQDG
GUARUISAD,"GUANXIAN RUICHANG TRADING CO.,LTD",,,,,,CNSAD
NOBSUPBOS,NOBLE SUPPLY AND LOGISTICS,,,,,,USBOS
CHALOGAFE,"CHATTA LOGISTICS CO.,LTD.",,,,,,THBKK
EMPOLMNL,EM-POL CORPORATION,,,,,,PHMNL
ALBGDLMNL,ALBORI G AND D LABORATORY TESTING,,,,,,PHMNL
BOTTERJLO,BOTTER,,,,,,ITJLO
SHEXIDSZX,"SHENZHEN XIDESHENG BICYCLE CO.,LTD.",,,,,,CNSNZ
GOEURODTM,GO EUROPE GMBH,,,,,,DEDTM
MURPHIMNL,"MURSMEDIC PHILIPPINES, INC.",,,,,,PHMNL
SHABASSHG,"SHANGHAI BA-SHI YUE XIN LOGISTICS DEVELOPMENT CO.,LTD",,,,,,CNSHG
SUMWATMNL,SUMMA WATER RESOURCES INC,,,,,,PHMNL
CHRDIOMEA,CHRISTIAN DIOR,,,,,,FRMEA
SHAWOLSHA,SHANGHAI WOLFIX NEW MATERIALS CO. LTD,,,,,,CNSGH
REEINTCEB,REES INTERNATIONAL TRADING CORPORATION,,,,,,PHCEB
SENYEHMNL,"SEN YEH CONSTRUCTION CO., LTD",,,,,,PHMNL
EMBERMLE,EMBER GROUP PVT LTD,,,,,,MVMLE
DOSPHIQZT,DOST - PHILIPPINE NUCLEAR RESEARCH INSTITUTE,,,,,,PHQZT
WORADVMNL,WORLDS ADVOCACY HARDWARE TRADING,,,,,,PHMNL
EGGINTSHH,EGGWAY INTERNATIONAL ASIA PRIVATE LIMITED,,,,,,INSHH
TBKMANMNL,TBK MANUFACTURING CORPORATION,,,,,,PHMNL
JTRADEMNL,J TRADE ON INC.,,,,,,PHMNL
REMOTEAFE,REMOTES,,,,,,TWTPE
DIEINTAFE,DIETL INTERNATIONAL SERVICES,,,,,,USNYC
XHICONCEB,XHINWA CONSUMER GOODS WHOLESALING,,,,,,PHCEB
TADMARMNL,TADCHEM MARKETING,,,,,,PHMNL
AXETFLMNL,A-XET FLOORCOVERING PTE. LTD,,,,,,PHMNL
SEMPROMIA,"SEMAJ PRODUCTS U.S.A., LLC",,,,,,USMIA
COLDESAMS,COLLECTION DESIGN B.V.,,,,,,NLAMS
FLABRASIN,FLAMINGO BRANDS PTE LTD,,,,,,SGSIN
TALIMPMEM,"TALBOTS IMPORT, LLC",,,,,,USMEM
PATGLOCDO,PATREO GLOBAL MARKETING CO.,,,,,,PHCDO
ISANAKPNI,ISAMU NAKASONE'S STORE,,,,,,FMPNI
SANTRAAFE,SANHAO TRADING,,,,,,PHMNL
TORSOLMNL,TORISHIMA SERVICE SOLUTIONS ASIA PTE. LTD. (PHILIPPINE BRANCH),,,,,,PHMNL
XNGLOVSEL,XN GLOVE,,,,,,KRSEL
HILPROMAN,HILLSTONE PRODUCTS LTD,,,,,,GBMNC
VPSEQUBKK,"V.P.S. EQUIPMENT CO.,LTD",,,,,,THBKK
AGPSPEMNL,AG P SPECIAL ECONOMIC ZONE,,,,,,PHMNL
SPAEXPTIW,SPACE EXPLORATION TECHNOLOGIES CORP (SPACEX),,,,,,USTIW
GOLRAYMNL,GOLDEN RAYS CONSUMER GOODS TRADING,,,,,,PHMNL
LEINAVMNL,LEI NAVARRO,,,,,,PHMNL
SEGLOGTYO,"SEGA LOGISTICS SERVICE CO., LTD.",,,,,,JPTYO
MAYBAHMNL,MAYNILAD BAHAY TORO WRF,,,,,,PHMNL
MICBIOMNL,MICRO BIOLOGICAL LABORATORY INC,,,,,,PHMNL
SHEZHASZX,SHENZHEN ZHAOYANG,,,,,,CNSNZ
TRANSWAFE,TRANSWORLD,,,,,,ILHFA
INGYSEBOG,INGENIERIA Y SERVICIO ESPECIALIZADO DE COMUNICACIONES S.A. ISEC S.A.,,,,,,COBOG
LISTUPJHB,LISTEN UP SDN BHD,,,,,,MYJHB
KUESHAAFE,KUEHNE + NAGEL LTD,,,,,,CNSHA
EVJOINHAN,EV GROUP JOINT STOCK COMPANY,,,,,,VNHAN
ENDPHITAU,ENDRESS+HAUSER PHILIPPINES INC,,,,,,PHTAU
SHACHUSHGAFE,SHANGHAI CHUNG HEE INTERNATIONAL CARGO TRANSPORT,,,,,,CNSHG
EAGCONMNL,"LAGMAN, MARY JEAN JUANTA",,,,,,PHMNL
NINLUCZHE,NINGBO LUCKYSTAR E-COMMERCE CO.LTD,,,,,,CNZHE
CLPCHETIW,"CLP CHEMICALS, INC.",,,,,,USTIW
AMAGRACEB,AMAZING GRACE CHRISTIAN FELLOWSHIP,,,,,,PHCEB
KRYINTCEB,KRYPTON INTERNATIONAL RESOURCES SALES & RESOURCES INC.,,,,,,PHCEB
CANSHEWNZ,CANGNAN SHENGFENG COTTON PRODUCTS CO.LTD,,,,,,CNWNZ
ADVNATMNL,ADVANCED NATURAL NUTRITION,,,,,,PHMNL
HOTDEVAFE,HOTAI DEVELOPMENT TECHNOLOGY CO. LTD,,,,,,TWTPE
SHIMINSJW,"SHIJIAZHUANG MINGSHENG IMPORT & EXPORT CO.,LTD.",,,,,,CNSJZ
MEGIMPTDD,MEGATECH IMPORT EXPORT KEDRIN CRISTIAN CARTAGENA MOLLINEDO,,,,,,BOTDD
SIFASICHG,SIFA ASIA PTE LTD,,,,,,SGCHG
TREWINMEL,TREASURY WINE ESTATES VINTNERS LIMITED,,,,,,AUMEL
DEDFURMNL,DEDIPO FURNITURE DEPOT,,,,,,PHMNL
FIGBAIBJS,"FIGURE BAI (BEIJING) SCIENCE AND TECHNOLOGY CO.,LTD.",,,,,,CNBJS
ANTEQUSUH,ANTUNES EQUIPMENT MFG CO. LTD,,,,,,CNSUH
JANEMECEB,JANE E. MELENDRES,,,,,,PHCEB
LOGFREMNL,LOGIX FREIGHT SOLUTIONS INC.,,,,,,PHMNL
MCQINDMNL,MCQ INDUSTRIAL REFRIGERATION INC,,,,,,PHMNL
KORWORSAV,KORU WORKS,,,,,,USSAV
MASBOLSRZ,MASTERLINE GROUP - BOLIVIA,,,,,,BOSRZ
BROINCMNL,BROTHER PHILIPPINES INC.,,,,,,PHMNL
PANGLOHAN,"PANDAN GLOBAL CO.., TLD.",,,,,,VNHAN
NINQIANGB,"NINGBO QIANYAO SUPPLY CHAIN CO.,LTD.",,,,,,CNNBO
KONBEAMNL,KONVY BEAUTY AND THE BEST DEAL,,,,,,PHMNL
ALSADVVAL,ALSTOM ADVANCED WAREHOUSE (AAW) TMF OPERATING,,,,,,FRVAL
ARMSOCHAN,THE ARMY SOCIALIST REPUBLIC OF VIETNAM,,,,,,VNHAN
HYVSOLSMF,HYVE SOLUTIONS CORPORATION,,,,,,USSAC
MGRSEALAX,"MGR SEATING TECHNOLOGY, INC.",,,,,,USLAX
BERVINMEL,BERTON VINEYARDS PTY LTD.,,,,,,AUMEL
NNACONCEB,NNANA CONSUMER GOODS TRADING,,,,,,PHCEB
REIPHIMNL,"REIMAGE PHILIPPINES, INC.",,,,,,PHMNL
SHI3DTAFE,"SHINING 3D (HK) CO., LTD",,,,,,HKHKG
VALPHABMG,VALUEMED PHARMA S.R.L.,,,,,,SMBMG
DONTOTHAN,DONGJIN TOTAL MOTOR SOLUTIONS CO.LTD,,,,,,VNHAN
JINENEAFE,JINKO ENERGY STORAGE TECHNOLOGY CO. LTD,,,,,,PHMNL
STAGAMMNL,STAR GAMING CORPORATION,,,,,,PHMNL
ZEELECMNL,ZE ELECTRONIC MANUFACTURING SERVICES,,,,,,PHMNL
TWSOLUMNL,TW SOLUTIONS CORP.,,,,,,PHMNL
SHEZHIAFE,"SHENZHEN ZHIXITONG INDUSTRIAL TRADING CO., LTD",,,,,,CNSNZ
CHRDIOSYD,CHRISTIAN DIOR AUSTRALIA PTY LTD.,,,,,,AUSYD
ZHEYILJAX,"ZHEJIANG YILI MACHINERY AND ELECTIRC CO.,LTD.",,,,,,CNJAX
KARPROBEL,KARDEX PRODUKTION DEUTSCHLAND GMBH,,,,,,DEBEL
GICCONMNL,GICAR CONSTRUCTIONS INC.,,,,,,PHMNL
KENRETNYC,KENTUCKY RETAIL,,,,,,USNYC
GAIGRACEB,GAISANO GRAND ARGAO,,,,,,PHCEB
PRIWASMNL,PRIME WASTE SOLUTIONS PAMPANGA INC,,,,,,PHMNL
WIZLOGDXB,WIZ LOGTEC FREIGHT LLC,,,,,,AEDXB
WALDIGLAX,"WALKER DIGITAL TABLE SYSTEMS, LLC",,,,,,USLAX
ROHSCHMNL,ROHDE & SCHWARZ (PHILIPPINES) INC.,,,,,,PHMNL
DIACALMNL1,DIANE C. ALCANTARA,,,,,,PHMNL
ROSJOBMNL,"ROSANES, JOBERT CORNELIO",,,,,,PHMNL
WUXREPYXS,"WUXI REPS POWER TECHNOLGY CO.,LTD.",,,,,,CNYXS
RAMCOMWVB,RAMPOINT COMMUNICATIONS PTY,,,,,,NAWVB
COLGALAFE,COLUMNS GALLERY,,,,,,KRICN
ENVIROMNL,ENVIROTERM CORPORATION,,,,,,PHMNL
DUTQARAFE,DUTCH QARGO BV,,,,,,NLNIB
DWSOLASFO,DW SOLAR INC,,,,,,USSFO
AIRBUSICN,AIR BUSAN CO. LTD.,,,,,,KRICN
GULBEVDXB,GULF BEVERAGES FZE,,,,,,AEDXB
RNRSUPMNL,RNR SUPPORT SYSTEMS INCORPORATED,,,,,,PHMNL
DYRCONBTG,DYRA CONSTRUCTION,,,,,,PHBTG
NOBILICDG,NOBILIS S.A,,,,,,FRCDG
HARBRO,HARDING BROTHERS RETAIL LTD.,,,,,,USMIA
NEXSPADXB,NEXT SPACE LLC,,,,,,AEDXB
NEXPOLYUL,"NEXGEN POLYMERS, INC.",,,,,,CAMTR
LNWGAMMFM,LNW GAMING ASIA LIMITED,,,,,,MOMFM
LUCCONMNL,"DE MESA, BEN DE LEON",,,,,,PHMNL
WELFARMNL,WELLISA FARMS CORPORATION,,,,,,PHMNL
SPIPOWMNL,SPI POWER PLANT,,,,,,PHMNL
KANWELBCN,KANGAROO WELDING S.L,,,,,,ESBCN
GREENMMNL,GREENMILE,,,,,,PHMNL
DFDENTMNL,"BIHASA, MILAFLOR NAZARIGA",,,,,,PHMNL
PETROLMNL,PETROLIFT INC,,,,,,PHMNL
BROKKSFT,BROKK AB,,,,,,SESFT
BEMLBOAFE,BEML LIMITED,,,,,,INBOM
FBINTEJFK,FB INTERNATIONAL,,,,,,USJFK
NAVSUPOLO,NAVAL SUPPLY DEPOT,,,,,,PHOLO
DELELETOY,DELTA ELECTRONIC JAPAN INC.,,,,,,JPTOY
KORFOUAFE,THE KOREA FOUNDATION,,,,,,KRICN
MINCIRPEN,MINI CIRCUITS TECHNOLOGIES MALAYSIA SDN. BHD,,,,,,MYPEN
RGBAFE,RGB LTD,,,,,,PHMNL
STEBALIAH,STEFFANIE BALL ENGOLD,,,,,,USHOU
TETPAKMNL,TETRA PAK PHILIPPINES INC,,,,,,PHMNL
HITELEMNL,HITACHI ELEVATORS PHILS INC,,,,,,PHMNL
LEAENVMNL1,LEADS ENVIRONMENTAL HEALTH PRODUCTS CORP,,,,,,PHMNL
SECGLOCEB,SECORE GLOBAL INC.,,,,,,PHCEB
ECDXMEMNL,EC-DX MEDICAL TRADING CO.,,,,,,PHMNL
LLCPROMOW,"LLC ""PROJECT CENTER-RU""",,,,,,RUMOW
PLTPLACHW,PLT - PLANTATION ROAD (STUDIO ELLA),,,,,,HKCHW
BEIRONTSN,"BEIJING RONGRUI-CENTURY SCIENCE & TECHNOLOGY CO., LTD.",,,,,,CNTNJ
UNIMEXMNL1,UNIMEX,,,,,,PHMNL
SPOTECAFE,"SPOLARPV TECHNOLOGY CO., LTD",,,,,,CNSGH
HOTLOBPER,HOTEL LOBBY RUM PTY. LTD.,,,,,,AUPER
ASSFRAMNL,"ASSAD, FRANCESCA MONIQUE FERNANDEZ",,,,,,PHMNL
SOLGOPMNL,"SOL-GO PHILIPPINES, INC",,,,,,PHMNL
UNIGENMNL,UNITED GENERAL MDSE AND AGRI PRODUCTS INC.,,,,,,PHMNL
UNIOFECRM,UNIVERSITY OF EASTERN PHILIPPINES,,,,,,PHCRM
GREAPPMNL1,GREAT APPLE SALES AND GENERAL MERCHANDISING INC,,,,,,PHMNL
TLDASIHKG1,TLD ASIA LIMITED,,,,,,HKHKG
HOSENTMNL,HOSPITALTY ENTERPRISE RESOURCES CORPORATION,,,,,,PHMNL
EMAGIAGOA,EMAR GIANNOBI SRL,,,,,,ITGOA
DONFEIHUA,DONGGUAN FEIMOUS TEXTILE TECHNOLOGY CORP. LTD.,,,,,,CNHUA
TTNFOOHAN,"TTN FOODSTUFF TECHNOLOGY MATERIALS CO., LTD.",,,,,,VNHAN
CROCASIAH,CROWN CASTLE,,,,,,USHOU
BVRTRAMNL,BVR TRAVEL AND TOUR,,,,,,PHMNL
TELEPHCEB,TELEPHILIPPINES INCORPORATED,,,,,,PHCEB
GLOBALMNL1,GLOBALINK,,,,,,PHMNL
TRUHAISGN,TRUONG HAI AGRICULTURE JOINT STOCK COMPANY,,,,,,VNSGN
HUEPEDHAM,HUEPEDEN & CO. (GMBH & CO.) KG,,,,,,DEHAM
JESSENAFE,J ESSENTIALZ MARKETING CORPORATION,,,,,,PHMNL
FLUENETPE,FLUENCE ENERGY TAIWAN LTD.,,,,,,TWTPE
WILHOMLAX,WILDHOME HOME,,,,,,USLAX
SUNFOUHKG,SUNPRIDE FOUNDATION,,,,,,HKHKG
LOBRUMMNL,LOBBY RUM INC.,,,,,,PHMNL
FUYPRESGN,FUYU PRECISION COMPONENT CO. LTD.,,,,,,VNSGN
SANCOLMNL,SANDEN COLD CHAIN SYSTEM PHILIPPINES INC.,,,,,,PHMNL
GRUTRAUIO,GRUPO TRANSOCEANICA,,,,,,ECUIO
BESPACHKG2,BEST PACIFIC TEXTILE LIMITED,,,,,,HKHKG
MMSDEPVZA,MMSP VALENZUELA DEPOT,,,,,,PHVZA
SAUROSVCE,SAURO ROSSI SRL,,,,,,ITVCE
WUXZITJSU,"WUXI ZITANG PACKAGING AND PRINTING CO., LTD.",,,,,,CNJSU
AVECECMNL,"AVERGONZADO, CECILLE MANGAT",,,,,,PHMNL
FIVCONDUS,FIVE CONTINENT LINE GMBH,,,,,,DEDUS
FIQTRAMNL,FIQ TRADING COMPANY INC.,,,,,,PHMNL
TRENDWMNL,TRENDWELL,,,,,,PHMNL
HEACHISHA,HEAD CHINA,,,,,,CNSHA
220TAPMNL,"220 TAPS N' TILES, INC.",,,,,,PHMNL
KAYMACMNL,KAYA MACHINERIES OPC,,,,,,PHMNL
HINMOTMNL,HINO MOTORS PHILIPPINES CORPORATION,,,,,,PHMNL
CHIINTMNL1,CHINA INTERNATIONAL WATER & ELECTRIC CORP.,,,,,,PHMNL
HOMESSNYC,"HOME ESSENTIALS & BEYOND, INC.",,,,,,USNYC
BEACLOMNL,THE BEAUTY CLOSET INC.,,,,,,PHMNL
VULATEJNB2,VULATEL (PTY) LTD,,,,,,ZAJNB
EASWESBOM,EAST WEST SEEDS INDIA PVT LTD,,,,,,INBOM
TORSYSJAX,TORK SYSTEMS INC.,,,,,,USJAX
INTRECZBO,"INTCO RECYCLING RESOURCES CO., LTD.",,,,,,CNZBO
RIFPAPLAX,RIFLE PAPER CO.,,,,,,USLAX
PROSUPLGB,PROACTIVE SUPPLY CHAIN GROUP LAX LL,,,,,,USLGB
PANEQUMNL,PANDORA EQUIPMENT SPECIALIST CORPORATION,,,,,,PHMNL
HOTSTOMNL,HOTEL STOTSENBERG,,,,,,PHMNL
MATINTCAR,MATTHEWS INTL COSTA RICA SRL,,,,,,CRCAR
OFFESSMNL,"OFFICE ESSENTIALS SYSTEMS FURNITURE, INC",,,,,,PHMNL
HEXNUTTUT,HEXAGON NUTRITION (INTERNATIONAL) PVT LTD.,,,,,,INTUT
NINSONNGB,NINGBO SONGMILE PACKAGING CO. LTD.,,,,,,CNNBO
SUPINCMNL,SUPPLIER INCALSYS METROLOGY & LABORATORY SERVICE INC.,,,,,,PHMNL
EDGSOFMNL,"EDGE SOFT GOOD SOLUTIONS, INC.",,,,,,PHMNL
HENSIGXIY,"HENAN SIGNI VALVE CO., LTD",,,,,,CNXIA
MEGMASMNL,MEGA MASTELINK FABRICATOR AND ELECTRICAL CORP,,,,,,PHMNL
IFEGLODER,IFERN GLOBAL PARA PHARMACEUTICAL TRADING L.L.C,,,,,,AEDER
MALPOWMNL,MALITA POWER INC,,,,,,PHMNL
SHEHONSZXAFE,"SHENZHEN HONGQDA LOGSITICS CO.,LTD",,,,,,CNSNZ
GREAMEMNL,GREEN AMENETIES,,,,,,PHMNL
ZODPOOLAX,ZODIAC POOL SYSTEMS LLC,,,,,,USLAX
DURDENHAM,DURR DENTAL SE,,,,,,DEHAM
MADHONSTO,MADAM HONG IMPORT EXPORT,,,,,,SESTO
BONFOOBKK,BONDI FOODS CO,,,,,,THBKK
BRIMACMNL,BRIGHTON MACHINERY CORP (BMC),,,,,,PHMNL
CHIINTCAN1,"CHINDE INTERNATIONAL CO., LTD",,,,,,CNGGZ
EXPTRASELAFE,EXPO TRANS INC.,,,,,,KRSEL
TAALAFCEB,TA-ALA FARMS INC,,,,,,PHCEB
BININTHBG,BINDER INTERNATIONAL GMBH & CO. KG,,,,,,DEHBG
EMESPZBZG,EMED SP. Z O.O. SP.,,,,,,PLBZG
GATNONMNL,"GAGABO-AN, ENRICO JR. BELINARIO",,,,,,PHMNL
EPIPHIMNL,"EPIROC PHILIPPINES, INC.",,,,,,PHMNL
MULINDJKT1,PT. MULTIMODATRANS INDONESIA,,,,,,IDJKT
MODTEAQLD,MODERN TEACHING AIDS PTY LTD,,,,,,AUQLD
MIGINTMNL1,MIGUELITOS INT'L CORPORATION,,,,,,PHMNL
SUZZHOSUU,"SUZHOU ZHONGMAOZHU CONTAINER CO.,LTD.",,,,,,CNSUU
TOORDESLC,"TO THE ORDER OF JP MORGAN CHASE BANK, N.A",,,,,,USSLC
PAROPCMNL,PARTSVILL OPC,,,,,,PHMNL
WTGCONCEB,WTG CONSTRUCTION DEVELOPMENT CORPORATION,,,,,,PHCEB
TAINIPMNL1,TAIYO NIPPON SANSO CORPORATION,,,,,,PHMNL
ZHOPULHEB,"ZHONGHONG PULIN MEDICAL PRODUCTS CO., LTD",,,,,,CNHEB
ZHEXUECNA,"ZHEJIANG XUECUN REFRIGERATION EQUIPMENT CO.,LTD.",,,,,,CNCNA
TAYIIRRMQ,TA YI IRON WORKS CO. LTD.,,,,,,TWTXG
FASPURONA,FASTENAL COMPANY PURCHASING,,,,,,USONA
ICEATL,ICE SERVICES LLC,,,,,,USATL
TEELIAKUL,M/S TEE LIAN KENG CO SDN BHD,,,,,,MYKUL
UZKJSCTAS,UZKOJE JSC,,,,,,UZTAS
AAALARMNL,A.A ALARILLA CONSTRUCTION CO INC,,,,,,PHMNL
MARDOOMON,MARTINS COMPANY D.O.O.,,,,,,BRMON
EFLOGIAFE,"EF LOGIS CO., LTD",,,,,,KRSEL
CONMABMEX,CONTROLADORA MABE SA DE CV,,,,,,MXMEX
SIMELEBSL,SIMPEX ELECTRONIC AG,,,,,,CHBSL
ENVSCOMNL,ENVIRO SCOPE SYNERGY INC,,,,,,PHMNL
MAXMROBOM,MAX MRO SERVICES PRIVATE LIMITED,,,,,,INBOM
SLODOOLJU,SLOWATCH D.O.O.,,,,,,SILJU
TANPORMNL,TANYA PORQUEZ,,,,,,PHMNL
JCMEURFRA,JCM EUROPE GMBH,,,,,,DEFRA
SKYCARDXB,SKYLINK CARGO SERVICES LLC,,,,,,AEDXB
COMGROMNL,COMMON GROUND INT'L INC.,,,,,,PHMNL
STAINTMNL,STARLINK INTERNET SERVICES,,,,,,PHMNL
ESQCORMNL,ESQUIRETECH CORP,,,,,,PHMNL
APPMACMNL,APPLIED MACHINING,,,,,,PHMNL
PGYSPEMNL,PGY SPECIALIZED GOODS TRADING,,,,,,PHMNL
TOPLIFMNL,TOP LIFEGEAR MARKETING,,,,,,PHMNL
SRYMFGMNL,SRY MFG CORP,,,,,,PHMNL
HAYINDMNL,HAYAMA INDUSTRIAL CORPORATION,,,,,,PHMNL
OMIJKGMNL,OMI-JKG PHILIPPINES INC.,,,,,,PHMNL
ALLSHASHA,"ALLTEK COMPANY SHANGHAI, LTD.",,,,,,CNSHA
APLLOGMNL1,APL LOGISTICS PHILS. INC (FORMERLY: APL LOGISTICS INC),,,,,,PHMNL
HOEDOOTSN,"HOERMANN TIANJIN DOOR PRODUCTION CO., LTD.",,,,,,CNTNJ
KUEYUHRMQ,KUEN YUH MACHINERY ENGINEERING CO. LTD.,,,,,,TWTXG
YOKYOSTYO,MS. YOKO YOSHIOKA,,,,,,JPTYO
MCCCITMNL,MCC-CITICORE CONSTRUCTION INC.,,,,,,PHMNL
GOLFTIORD,GOLFTINI INC,,,,,,USORD
ACCDLEMNL,ACCIONA -DL E&C JV,,,,,,PHMNL
THROFTIAH,THRUSTMASTER OF TEXAS,,,,,,USHOU
AWINEMNL,A WINE COMPANY,,,,,,PHMNL
HOMEOPCEB,HOMEOPTIONS INC,,,,,,PHCEB
AIRLIQCEB,AIR LIQUIDE,,,,,,PHCEB
MOTIMAMNL,MOTOR IMAGE PILIPINAS INC.,,,,,,PHMNL
TRI888MNL,TRIPLE 888 INDUSTRIAL TRADING CORP.,,,,,,PHMNL
TECHMEAFE,TECHMER LTD,,,,,,ILTLV
ENRGIORMI,ENRICO GIOTTI SPA,,,,,,ITRMI
TRAFINTLV,TRANSCLAL FINE ARTS LTD,,,,,,ILTLV
CISMERSFO,CISCO MERAKI C/O DCL ONTARIO,,,,,,USSFO
SYSINTMNL,SYSU INTERNATIONAL INC.,,,,,,PHMNL
ANHHESSHA,"ANHUI HESHUN ENVIRONMENTAL TECHNOLOGY GROUP CO., LTD",,,,,,CNSHA
XUZELEMNL,XUZHONG ELECTRONIC TECHNOLOGY PHIL INC.,,,,,,PHMNL
FALTOOCJB,FALCON TOOLINGS,,,,,,INCJB
STEWINMNL,STELLA WINE IMPORT CORPORATION,,,,,,PHMNL
CARALEMNL,CARL ALEXIS F. CAYANAN,,,,,,PHMNL
SPAVITMNL,SPARK AND VITALICY AESTHETIC CORP.,,,,,,PHMNL
PRIPACMNL1,PRIME PACIFIC FOODS CORPORATION,,,,,,PHMNL
ONESTOPRY,ONE STOP CURIOS,,,,,,ZAPRY
CARGONAFE,CARGONET LTD,,,,,,CHBSL
AFONEWAFE,"AFORE NEW ENERGY TECHNOLOGY (SHANGHAI) CO., LTD",,,,,,CNSGH
OCMRECGE2,O.C.M RECANZONE SRL,,,,,,ITGE2
AYNNUYAFE,AYNI NUYDA,,,,,,PHMNL
EURTECMNL,EURONET TECHNOLOGY SERVICES INC.,,,,,,PHMNL
MIRISLMLE,MIRIHI ISLAND RESORT,,,,,,MVMLE
MAVSYSDFW,MAVENIER SYSTEMS INC,,,,,,USDAL
MICEURARN,MICROGROUP EUROPE AB,,,,,,SEARN
PAJUNKZGB,PAJUNK GMBH,,,,,,DEZGB
EPISOUJKT,PT EPIROC SOUTHERN ASIA,,,,,,IDJKT
HOLHKTHKG,"HOLYLIGHT (H.K.) TRADING CO., LIMITED",,,,,,HKHKG
FASPRIMNL,FAST PRIME TRANSPORT CORP.,,,,,,PHMNL
TPPPOWMNL,TPP POWER INC.,,,,,,PHMNL
RESENGHKG,RESEARCH ENGINEERING DEVELOPMENT FAÇADE CONSULTANTS LIMITED,,,,,,HKHKG
CHAVISHIF,CHARITY VISION INTERNATIONAL,,,,,,USHIF
NANOINTYO,NANOINOVATION INC.,,,,,,JPTYO
SYNPHIMNL1,SYNETCOM PHILIPPINES INC,,,,,,PHMNL
THERMOADT,THERMOGREEN SL,,,,,,ESADT
RIECOMDUS,RIEDEL COMMUNICATION GMBH & CO. KG,,,,,,DEDUS
KUENAGSIN,KUEHNE + NAGEL PTE. LTD.,,,,,,SGSIN
XRUSTSYD,X-RUST,,,,,,AUSYD
SURBIOGES,SURALLAH BIOGAS VENTURES CORP,,,,,,PHGES
ATLADCATL,ATLANTA DC,,,,,,USATL
IBEINDMNL,IBEX INDUSTRIAL SALES INC.,,,,,,PHMNL
MGLGLOPKG,MGL GLOBAL LOGISTICS SDN. BHD,,,,,,MYPKG
TTSUPEYVR,T & T SUPERMARKET INC.,,,,,,CAVAN
AMEMETMDW,AMERICAN METALCRAFT INC.,,,,,,USCHI
MWHTRACEB,MWH TRADING CORPORATION,,,,,,PHCEB
BRIDESBNE,BRISTLEBRUSH DESIGNS PTY. LTD.,,,,,,AUBNE
ALTFAIMNL1,ALTA FAIRS AND EXHIBITS CORPORATION,,,,,,PHMNL
CHIRETLAX,"CHICOS RETAIL SERVICES, INC.",,,,,,USLAX
IBCOMMIXY,IB COMMUNICATION,,,,,,INIXY
ARDENTMNL,ARDENT ENTERPRISES OPC,,,,,,PHMNL
SF6SOLMNL,SF6 SOLUTIONS SPECIALIST CORPORATION,,,,,,PHMNL
UNIPROMNL,UNIMEX PROCESS & ENERGY GROUP INC,,,,,,PHMNL
PANENEJSU,"PANASONIC ENERGY (WUXI) CO.,LTD.",,,,,,CNJSU
SOUISLCVE,SOUTHERN ISLANDS ENTERPRISES INC,,,,,,PHCVE
JGCPHIMNL,JGC PHILIPPINES INC.,,,,,,PHMNL
EPIDRIIAH,EPIROC DRILLING SOLUTIONS LLC,,,,,,USHOU
ALLCENMNL,ALLOY CENTRAL INC.,,,,,,PHMNL
SANPHIVZA,SANY PHILIPPINES INC.,,,,,,PHVZA
CENMANMNL,CENTRO MANUFACTURING CORP,,,,,,PHMNL
POWSOLMNL,POWEREDGE SOLUTIONS PHILS INC,,,,,,PHMNL
TIPESTMNL,TIPCO ESTATES CORPORATION,,,,,,PHMNL
LAKVARMNL,"SALVANIA, JAMES AARON MOLATO",,,,,,PHMNL
ASUPHIMNL,ASUS PHILIPPINES CORPORATION,,,,,,PHMNL
JSFRA,JS GROUP GMBH,,,,,,DEFRA
FIREPRMNL,FIREPROFESSIONALS(FIREPRO) INC.,,,,,,PHMNL
MASBECMXP,MASSIMILIANO BECUTI,,,,,,ITMXP
CHIINTMNL2,CHINA INTERNATIONAL WATER AND ELECT,,,,,,PHMNL
GUAXINFOS,"GUANGDONG XINGPU ENERGY SAVING LIGHT CO., LTD",,,,,,CNFOS
HENRYDUS,HENRY GMBH,,,,,,DEDUS
KONEPHMNL,KONECRANES (PH )INC.,,,,,,PHMNL
CHRRAZMNL,CHRISTIAN RAZON GONZALEZ,,,,,,PHMNL
MULINTJKT,PT. MULTIGUNA INTERNATIONAL PERSADA,,,,,,IDJKT
GREMONHKG,GREEN MONDAY INTERNATIONAL LIMITED,,,,,,HKHKG
DEVTRAHAN,DEVYT TRADING AND LOGISTICS COMPANY LIMITED,,,,,,VNHAN
SAUARAMKC,SAUDI ARABIAN AIRLINES,,,,,,PHMKC
3EELEKAFE,3E ELEKTRO OPTIK SISTEMLER SAN VE TIC LTD STI,,,,,,TRIST
INMBRAORD,INMUSIC BRANDS INC,,,,,,USORD
GRODSOMNL,GRON DSOLUTIONS INC,,,,,,PHMNL
PROXPRMNL,PROZONE XPRESS LOGISTICS INC.,,,,,,PHMNL
BEKPILMNL,BEKO PILIPINAS CORPORATION,,,,,,PHMNL
JELMERMNL1,"GAMBA, JELYN MERCED",,,,,,PHMNL
HIGFORMNL,HIGHSTACK FORWARD INC.,,,,,,PHMNL
SOUTHGMNL,SOUTHGLOBAL CORPORATION,,,,,,PHMNL
CARROMMNL,CARLOS ROMERO-SALAS STREEGAN,,,,,,PHMNL
SLCDISSLC,SLC DISTRIBUTION CENTER BLACK DIAMOND EQUIPMENT LTD.,,,,,,USSLC
UNIINTMNL1,UNIQUE INTERNATIONAL EXPORT CO.,,,,,,PHMNL
PINBINPNU,"PINGHU BINDEX MACHINERY CO.,LTD",,,,,,CNPNU
GEVPHIAFE,GEVME PHILIPPINES TECHNOLOGIES CORPORATION,,,,,,PHMNL
TARIDETLV,TAR IDEAL CONCEPTS-ISRAEL,,,,,,ILTLV
ITALSBGOA,ITALCER SPA SB,,,,,,ITGOA
OVELOGAFE,OVERSEAS LOGISTIC MADRID,,,,,,ESMAD
SDFOODMNL,S&D FOOD PRODUCTS,,,,,,PHMNL
CANAANYVR,CANAAN GROUP,,,,,,CAVAN
CIBLIFMNL1,CIBES LIFT PHILLIPINES INC.,,,,,,PHMNL
JEVINTMNL,"MONSARVAS, MILYN SANTOS",,,,,,PHMNL
EASFORHKG,EASTERN FORUM (FAR EAST) CO. LTD.,,,,,,HKHKG
SATPHIMNL1,SATECO PHILIPPINES INC.,,,,,,PHMNL
POLKORAFE,"POL KOREA CO., LTD.",,,,,,KRICN
COCCOLDVO1,COCA-COLA DAVAO PLANT II,,,,,,PHDVO
CEPENEMNL,CEPALCO ENERGY SERVICES CORPORATION,,,,,,PHMNL
QUALOGMNL1,QUADCORE LOGISTICS SERVICES CORPORATION,,,,,,PHMNL
ASIMOBMNL,ASIS MOBILITY TECHNOLOGIES PHILIPPINES INC.,,,,,,PHMNL
JEEPNECAN,JEEPNEY,,,,,,CNGGZ
DUSDECSTO,DUSTY DECO AB,,,,,,SESTO
BELSHIMNL,BELLPORT SHIPPING CORPORATION,,,,,,PHMNL
INTNHDAAR,INTERNATIONAL N&H DENMARK APS,,,,,,DKAAR
VIEEMBMNL,VIETNAM EMBASSY,,,,,,PHMNL
SEALUXCVE,SEA LUXURY BRANDS INC.,,,,,,PHCVE
BIGBENMNL1,BIG BEN CONSTRUCTION,,,,,,PHMNL
DAUGHTJFK,DAUGHTERS GROUP LLC,,,,,,USJFK
OPELIBLAX,OPEN LIBRARY MANAGEMENT LLC,,,,,,USLAX
COSSHIAFE,COSCO SHIPPING AIR FREIGHT (SHANGHAI) CO. LTD,,,,,,CNSHA
JEMTRONYC,JEMTRONIX,,,,,,USNYC
THEUSALAX,THERMALTAKE USA INC,,,,,,USLAX
OHSOHEMNL,OH SO HEALTHY CORPORATION,,,,,,PHMNL
LEDEEKHAM,LEDERKRAM E.K.,,,,,,DEHAM
HALPACJKT,PT. HALDIN PACIFIC SEMESTA,,,,,,IDJKT
DOROPEDVO,MRS. DOROTHY PE,,,,,,PHDVO
ELEKTRPRG,ELEKTROLINE A.S,,,,,,CZPRG
LUCTRIMNL,LUCKY TRIUMPH ELECTRICAL ENTERPRISES INC.,,,,,,PHMNL
PATDISMNL,PATAGONIA DISTRIBUTION INC,,,,,,PHMNL
PRIMACMNL1,PRIMACE CORPORATION,,,,,,PHMNL
MARHOTKWI,MARROOK HOTEL SUPLIES,,,,,,KWKWI
BAYCROITM,BAYER CROPSCIENCE K.K.,,,,,,JPOSA
DKSPERSGN,"DKSH PERFORMANCE MATERIALS VIETNAM CO., LTD.",,,,,,VNSGN
MATLENMNL,MATSING LENS TECHNOLOGY PHILIPPINES,,,,,,PHMNL
AGOABHGE2,AGO SRL- ABHIKA,,,,,,ITGE2
DASMACAFE,"DASAN MACHINERIES CO., LTD.",,,,,,KRICN
ANCINGLAX,"ANCHOR INGREDIENTS CO., LLC",,,,,,USLAX
LEETRATGG,LEESK TRADING,,,,,,MYTGG
TOCKENMNL,TOCHIGI-KEN TECHNOLOGIES INTERNATIONAL INC.,,,,,,PHMNL
INTPACLAX,"INTER PACIFIC EXPRESS, INC.",,,,,,USLAX
MECCIAESM,MECANOGRAFICA CIA LTDA,,,,,,ECESM
SIEDECMXH,SIEMENS S.A. DE C.V,,,,,,MXZLO
KWIAUTSHA,KWINGTONE AUTO ENGINEERING SHANGHAI LIMITED,,,,,,CNSGH
NSGLOGBTZ,NSGLOG,,,,,,TRBTZ
TIABIBWUQ,"TIANJIN BIBOSCH INTELLIGENT TECHNOLOGY CO.,LTD.",,,,,,CNWUQ
WORLOGMNL1,WORLDWIDE LOGISTICS PHILIPPINES SOLUTIONS INC,,,,,,PHMNL
GRASENMKG,GRAY & COMPANY/ SENECA FOODS CORPORATION,,,,,,USMKG
CHRDIGLGB,"CHRISTIE DIGITAL SYSTEMS USA, INC",,,,,,USLGB
GRAMACKHI,GRAY MACKENZIE RESTAURANT INTERNATIONAL LTD,,,,,,PKKHI
STOLEIAFE,STOTSENBERG LEISURE PARK AND HOTEL CORPORATION,,,,,,PHMNL
FLUMISHAM,FLUID MISCH- UND,,,,,,DEHAM
GLENAIAFE,GLENAIR INC.,,,,,,USLAX
ONELIMBTG,ONE LIMA TOWER,,,,,,PHBTG
VINSANKNA,VINA SANTA CAROLINA S.A.,,,,,,CLKNA
AVATRAMNL1,AVANCE TRADING AND DISTRIBUTION INC,,,,,,PHMNL
MANBEAMNL,MANIC BEAUTY TRADING CORPORATION,,,,,,PHMNL
VULATEJNB,VULATEL (PTY) LTD.,,,,,,ZAJNB
VULATEJNB1,VULATEL PTY. LTD.,,,,,,ZAJNB
EARLABMNL,EARTH LAB POWER 4 ALL INC,,,,,,PHMNL
GERREBMDW,GERRY REBELLO,,,,,,USCHI
SCIPROGIS,SCITECH PRODUTOS MEDICOS SA,,,,,,BRGIS
JWAMKTMNL,JWARSAW MKTG AND SERVICES,,,,,,PHMNL
ATATECMNL,ATARASHII TECHNOLOGIES INTERNATIONAL,,,,,,PHMNL
KCCPROGES,KCC PROPERTY HOLDINGS INC,,,,,,PHGES
MANLOGMNL,MANCON LOGISTICS SERVICES INC.,,,,,,PHMNL
CANJUVMNL,"CANTOR, JUVY FIGURA",,,,,,PHMNL
MOBMOBMEL,MOBA MOBILE,,,,,,AUMEL
ZHEJIAAFE,"ZHEJIANG JIADE PACKING MACHINERY CO., LTD.",,,,,,CNZHE
GILENTMNL,"GILAMAR ENTERPRISES, INC.",,,,,,PHMNL
HSHCHEBTS,HSH CHEMIE SK S.R.O.,,,,,,SKBTS
ESTWINMNL,ESTATE WINE,,,,,,PHMNL
KODPREMNL,KODEC PRECISION INC.,,,,,,PHMNL
RONYINRNG,"RONCHENG YINHAI AQUATIC CO.,LTD.",,,,,,CNRNG
ECELECBUD,EC ELECTRONICS NETHERLANDS BV,,,,,,HUBUD
METRASTYO,METRAS INC,,,,,,JPTYO
PESAUSPER,PESTWEST AUSTRALIA PTY LTD,,,,,,AUPER
BJMARTMNL,BJ MARTHEL INTERNATIONAL INC.,,,,,,PHMNL
EZSINFMNL,EZSVS INFORMATION TECHNOLOGY INC.,,,,,,PHMNL
TRANETMDW,"TRANSFORMERS NETWORK, INC. DBA PHOENIX INTERNATIONAL FREIGHT SERVICES, INC.",,,,,,USCHI
GENDISMNL1,GENTEC DISTRIBUTION CORP.,,,,,,PHMNL
INTASIMAC,INTERBLOCK ASIA PACIFIC PTY LTD.,,,,,,CNMAC
MARSYSMEA,MARCOM SYSTEMS FZ,,,,,,EGMEA
EVOLOGHKG,EVOLVE LOGISTICS,,,,,,HKHKG
LITXPRMNL,LITE XPRESS INT'L INC.,,,,,,PHMNL
CHATLINMNL,"CHARTER LINK LOGISTICS PHILIPPINES, INC",,,,,,PHMNL
ARMJESCEB,ARMIE JESALVA FOUNDATION INC.,,,,,,PHCEB
HAIHAOHIN,"HAINING HAOQIANG TEXTILES CO.,LTD.",,,,,,CNHIN
CUSESSEWR,CUSTOM ESSENCE,,,,,,USEWR
R21FRECEB,R21 FREIGHT INTERNATIONAL LOGISTICS CORP.,,,,,,PHCEB
BESPACHKG1,BEST PACIFIC TEXTILE LMITED,,,,,,HKHKG
THWITTAAH,TH WITT KAAELTEMASCHINENFABRIK GMBH,,,,,,DEAAH
AUTSYSMNL,AUTOPROPACK SYSTEMS CORPORATION,,,,,,PHMNL
TIPTIEBRF,TIPPER TIE TECHNOPACK GMBH,,,,,,DEBRF
COCCOLMAN,COCA-COLA EUROPACIFIC ABOITIZ PHILIPPINES INC.,,,,,,PHMAN
TAIRONTZU,TAIZHOU RONGYI IMP. & EXP. LTD.,,,,,,CNTZU
HARCONMDW,HARTLAND CONTROLS LLC,,,,,,USCHI
ICOEQUMNL,"ICON EQUIPMENT SOLUTIONS PHILIPPINES, INC.",,,,,,PHMNL
BOOONLMNL,"BOOZE ON-LINE, INC.",,,,,,PHMNL
AMRAUTMNL,"BANTE,CAMARODEN MACAANDAR",,,,,,PHMNL
TREARTDTM,TREND-ART,,,,,,DEDTM
SKAASSKNA,SKAVA ASSET INTEGRITY SPA SERVICIO DE INGENIERÍA E INSPECCIÓN TÉCNICA,,,,,,CLKNA
SPETIMLJU,SPEDICIJA TIM D.O.O.,,,,,,SILJU
SKCLOGMNL,SKC LOGISTICS INC,,,,,,PHMNL
RESOURMNL,RE-SOURCE MEDICAL TRADING CORP.,,,,,,PHMNL
OLIGREAMH,OLIVE GREEN CONTRACTING,,,,,,BHAMH
DSSJSCAFE,"DSS, JSC",,,,,,CZPRG
DIFEYESDF,DIFF EYEWEAR C/O FALCON FULFILLMENT,,,,,,USLUI
SIDELVCE,SIDEL S.P.A,,,,,,ITVCE
LEAMARAGT,LEADER MARINE S.A.,,,,,,GRAGT
MCMFAMRIP,MCMANIS FAMILY VINEYARDS,,,,,,USRIP
TCKGES,TCK INCORPORATED,,,,,,PHGES
IHLEMANUE,IHLEMANN GMBH,,,,,,DENUE
MVSPANCEB,MV SPAN ASIA 33,,,,,,PHCEB
ANAPHIMNL,ANAKO PHILIPPINES CORP.,,,,,,PHMNL
GENCHAMNL,GENEVIE CHAN CHUA,,,,,,PHMNL
JUBCUSMNL,JUBARENE CUSTOMS BROKERAGE,,,,,,PHMNL
MARFORMNL,MARGARITA FORES,,,,,,PHMNL
CALCARMNL1,CALCED CARMELITIERS INC.,,,,,,PHMNL
HANXINMFM,HAN XIN INDUSTRIAL AND COMMERCIAL LIMITED,,,,,,MOMFM
GRUTORUIO,GRUPO TORRES & TORRES,,,,,,ECUIO
RANCRIMNL,"RANCE, CRISTINA ALAYON",,,,,,PHMNL
DECMACRTM,DECKERS MACAU LIMITED,,,,,,NLRTM
GZLTRAAFE,GZL TRADING CORPORATION,,,,,,PHMNL
GUABAWCAN,GUANGDONG BAWEI BIOTECHNOLOGY CORPORATION,,,,,,CNGGZ
EFEENTMNL,EFE ENTERPRISES,,,,,,PHMNL
FOPSGPSIN,FOPPIANI SGP PTE LTD,,,,,,SGSIN
SIIUSAMDW,SIIX USA CORPORATION,,,,,,USCHI
ARTMXP,ART SPA,,,,,,ITMXP
ASSELEISL,ASSEMCORP ELEKTRONIK A.S,,,,,,TRIST
MALCORMNL,MALINTA CORRUGATED BOXES MANUFACTURING CORP.,,,,,,PHMNL
HEBENGBSL,HEBETEC ENGINEERING AG,,,,,,CHBSL
SHAXIAAFE,SHANGHAI XIASHU INTELLIGENT TECHNOLOGY CO. LTD,,,,,,CNSHA
FREVELMNL,MS. FREZT VELOSO,,,,,,PHMNL
TAKISHTAFE,TAKA ISHII GALLERY,,,,,,JPTYO
HEIBEVSDT,HEINEKEN BEVERAGES INTERNATIONAL,,,,,,ZASDT
ALBCHIHUE,ALBATRANS CHILE S.A.,,,,,,CLHUE
MCGEESLC,MCGEE AND CO,,,,,,USSLC
STMSAVAFE,STM SAVUNMA TEKN. MUH. TIC. AŞ,,,,,,TRANK
LSGINDMNL,LSG INDUSTRIAL & OFFICE PRODUCTS INC.,,,,,,PHMNL
IMMTUNGES,IMMANUEL TUNA TRADERS,,,,,,PHGES
AGRLASSCL,AGROINDUSTRIAL LAS TRES ERRE SPA,,,,,,CLSCL
DNSGLOSEL,DNS GLOBAL LTD.,,,,,,KRSEL
ORIRENMNL,ORIX RENTAL CORPORATION,,,,,,PHMNL
HANLINLNA,"HANGZHOU LINAN XITIANQI IMPORT&EXPORT CO.,LTD",,,,,,CNLNA
NATINDJKT,PT. NATURAL INDO COCONUT ORGANIK,,,,,,IDJKT
PRINATMNL,"PRIMA NATURA FOOD INT'L., INC.",,,,,,PHMNL
SUNCARSZX1,"SUN CARGO INTERNATIONAL (SHANGHAI) LTD., SHENZHEN BRANCH",,,,,,CNSNZ
PRILOGLFL,PRIME LOGISTICS,,,,,,USLFL
SANINTSIB,"SANDEN INTERCOOL 9 THAILAND) PUBLIC CO., LTD.",,,,,,THSIB
CLCNEWAFE,CLC NEW MATERIALS CO. LTD,,,,,,CNGUT
CCMIMPJNB1,CCMS IMPORT & EXPORT PTY LTD,,,,,,ZAJNB
OFFMAIWDH,OFFICE & MAILING AUTOMATION,,,,,,NAWDH
YKKZIPJKT,P.T. YKK ZIPPER INDONESIA,,,,,,IDJKT
SHASHISHA1,"SHANGHAI SHIYIN PHOTOELECTRIC INSTRUMENT CO., LTD.",,,,,,CNSHA
USNAFAAYS,US NAF ATSUGI,,,,,,JPAYS
DELAPPMNL,DELS APPAREL,,,,,,PHMNL
AGSMCI,AGS LLC,,,,,,USKCK
TETANUAFE,PT. TETUKO ANUGERAH NUSANTARA,,,,,,IDJKT
SUZJIUJSU,"SUZHOU JIUSHUO COMMERCIAL EQUIPMENT CO., LTD",,,,,,CNJSU
ANIARTAFE,ANINAGAN ART INITIATIVES INC,,,,,,PHMNL
JUSGLOCGK,PT JUSTINDO GLOBAL EKSPRES,,,,,,IDCGK
ENTLINDXB,ENTRUST LINES SHIPPING LTD,,,,,,AEDXB
PCPCONMNL,PCPC CONCEPCION,,,,,,PHMNL
FOUHANLAX,"FOUR HANDS, LLC",,,,,,USLAX
DIAINDMNL1,DIAMOND INDUSTRIAL SYSTEMS PROVIDER INC.,,,,,,PHMNL
NOVTRAMNL1,NOVUS TRANSACT PHILIPPINES CORPORATION,,,,,,PHMNL
BAUINTCHS,"BAUER INTERNATIONAL PURVEYORS, LLC",,,,,,USCHS
CALFAMMEL,CALABRIA FAMILY WINES PTY LTD,,,,,,AUMEL
APDSALMNL,APD SALES AND SERVICES INC.,,,,,,PHMNL
QMBBKK,QMB CO. LTD,,,,,,THBKK
MONLLAAFE,MONICA LLAMAS - GARCIA,,,,,,PHMKC
APPCONAKL,APPLIED CONVEYORS & POLYMERS LTD.,,,,,,NZAKL
SEALANMNL1,"SEA-LAND HARVEST, INC.",,,,,,PHMNL
KOUFUCMNL,KOU FU COLOR PRINTING CORP.,,,,,,PHMNL
GENCOLSEL,"GENEWEL CO.,LTD",,,,,,KRSEL
MOREDULAX,"MORAVIA EDUCATION INC, ASN",,,,,,USLAX
HALAUTMNL,HALLMARK AUTOMATION AND BELTING CORP.,,,,,,PHMNL
THAAAFE,THAI AIRWAYS INTERNATIONAL PUBLIC COMPANY LTD,,,,,,THBKK
VOERAIPNB,"VOESTALPINE RAILWAY SYSTEMS ASIA CO., LTD",,,,,,THPNB
OURLADMNL1,OUR LADY OF CONSOLATION PARISH,,,,,,PHMNL
ALACAROSL,A LA CARTE PRODUKTER AS,,,,,,NOOSL
EURSTAAFE,EUROPEAN STAGING APS,,,,,,DKCPH
WILEDIMIC,"WILMAR EDIBLE OILS PHILIPPINES, INC.",,,,,,PHMIC
ZIMINTMNL1,"ZIMMOX INTERNATIONAL PRODUCT SPECIALISTS, INC.",,,,,,PHMNL
DCONTEAFE,D CONTEMPORARY,,,,,,GBLON
ZAMJATZAM,ZAMBOANGA JA TRADING CORPORATION,,,,,,PHZAM
BLAARTAFE,BLAFFER ART MUSEUM,,,,,,USHOU
ATANORLUX,ATANOR S.C.A,,,,,,LULUX
BJRDRYCEB,BJRP DRY GOODS TRADING,,,,,,PHCEB
DERMON,DERICK MONTRAY GLENN,,,,,,PAMIT
JOHSEBMNL,JOHN SEBASTIAN REYES,,,,,,PHMNL
JOYANACPU,JOYSON ANAD ABHISHEK SAFETY SYSTEMS,,,,,,INCPU
MERDISMNL,"MERCHANDISE DISTRIBUTORS, INC.",,,,,,PHMNL
KINPARFXT,THE KINSEY PARTNERSHIP LTD.,,,,,,GBFXT
YAMCKSMNL,YAMADA CK SALES CORP,,,,,,PHMNL
AMIEQUMNL,A.M.I EQUIPMENT SERVICES AND SOLUTIONS INC.,,,,,,PHMNL
GIFBUSMNL,GIFT BUSINESS.COM PHILIPPINES INCORPORATED,,,,,,PHMNL
PHIINDMNL1,PHILIPPINE INDUSTRIAL & ENVIRONMENTAL STANDARD LABORATORIES INC.,,,,,,PHMNL
SHIEAIIAH,SHIELD AI,,,,,,USHOU
DTGMEDMNL,DTG MEDICAL INCORPORATED,,,,,,PHMNL
AYAHOTMNL1,AYALALAND HOTESL AND RESORTS,,,,,,PHMNL
TAKELEMNL,TAKANE ELECTRONICS (PHILIPPINES) INC,,,,,,PHMNL
AQUWATCEB,AQUAWARKS WATER TREATMENT & SUPPLY SERVICES,,,,,,PHCEB
BAHNEDMA,BAHNE & CO,,,,,,AUDMA
FOSDEEAFE,"FOSHAN DEER MARBLE TILES CO.,LTD",,,,,,CNGUT
LISGOKAFE,LISA GOKONGWEI,,,,,,PHMNL
NXLOGIMNL1,"NX LOGISTICS PHILIPPINES, INC",,,,,,PHMNL
ANCCOLSHA,"ANCOR(SHANGHAI)COSMETICS CO.,LTD.",,,,,,CNSGH
TIACOMMNL,TIARA COMMERCIAL & INDUSTRIAL CORPORATION,,,,,,PHMNL
SHAGOOTYN,"SHANXI GOODWILL INDUSTRIAL & TRADING CO., LTD.",,,,,,CNTYU
ANGSTAAGL,ANGELES STATION STORAGE YARD,,,,,,PHAGL
CIMMICZMA,CIMENTART MICROCEMENT SL,,,,,,ESZMA
INTCONILO,"INTERNATIONAL CONTAINER TERMINAL SERVICES ,INC.",,,,,,PHILO
SHIBISAMR,SHIMANO BISIKLET PARCA VE EKIPMANLA,,,,,,TRAMR
SILVERMNL,SILVERWAVE CORPORATION,,,,,,PHMNL
HSUMINMNL,"HSU, MING CHE",,,,,,PHMNL
WISFOODXB,WISK FOODSTUFF TRADING LLC,,,,,,AEDXB
DCTDELNUE,DCT DELTA AG.,,,,,,DENUE
LOIHAELEH,LOIRET & HAENTJENS S.A.,,,,,,FRLEH
TRECOLKIX,"TREASURE CO.,LTD",,,,,,JPKIX
JSWORLSIN,JS WORLD FREIGHT DISTRIBUTOR (S) PTE LTD,,,,,,SGSIN
IMMSPOAFE,IMMIX SPOL. S R.O.,,,,,,CZPRG
MINOFIMPM,MINISTRY OF INTERIOR OF THE REPUBLIC OF MOZAMBIQUE,,,,,,MZMPM
LINHOUSTN,LINKFAIR HOUSEHOLD (HK) LIMITED,,,,,,HKSTN
QUACORMNL,QUADROCAS CORP.,,,,,,PHMNL
EZTECIMNL,EZ TEC INDUSTRIAL SERVICES,,,,,,PHMNL
JLSTRAMDW,JLS TRADING INCORPORATED,,,,,,USCHI
OVAPROAFE,OVATION PRODUCTION INC.,,,,,,PHMNL
ELINALMNL,ELIZABETH N ALMARIEGO,,,,,,PHMNL
SUMMITMNL1,SUMITOMO MITSU CONST CO.LTD.,,,,,,PHMNL
MANFEDMNL,MANLIG FEDERIC ESPINOSA,,,,,,PHMNL
FIBERNFCO,FIBERNET S.R.L.,,,,,,ITFCO
REIMANMEM,REINHAUSEN MANUFACTURING INC.,,,,,,USMEM
ALBATRSIN,ALBATRANS SINGAPORE PTE LTD,,,,,,SGSIN
COLRAIMNL,"COLAS RAIL PHILIPPINES, INC.",,,,,,PHMNL
SERLIVSYD,SERATA LIVING,,,,,,AUSYD
IZACONMNL,IZAKI CONSUMER GOODS TRADING,,,,,,PHMNL
LUZRATCEB2,LUZON RATTAN INDUSTRIES CUSTOMS BONDED WAREHOUSE CORP,,,,,,PHCEB
HOMWORCEB,HOME WORLD CONSTRUCTION CORPORATION,,,,,,PHCEB
DEFRESAFE,DEFENCE RESEARCH & DEVELOPMENT LABORATORY,,,,,,INDEL
NAVIAMEL,NAVIA PTY LTD,,,,,,AUMEL
VIPRPHMNL,VIPA-R PHILIPPINES SERVICES INC,,,,,,PHMNL
OSEINTSEL,"OSEANS INTL CO., LTD",,,,,,KRSEL
INTCARBNE,INTERPORT CARGO SERVICES PTY LTD,,,,,,AUBNE
CHRDIOCEB,CHRISTIAN DIOR PH CEBU,,,,,,PHCEB
EMBDEEAFE,EMBAJADA DE ESPAÑA EN FILIPINAS,,,,,,PHMNL
ANDINTCEB,ANDUILLER INT'L. SALES CORP.,,,,,,PHCEB
PLANETSHG,PLANET HOLDINGS LIMITED,,,,,,CNSHG
HANFOUJED,HANGAR FOUR CO. LTD,,,,,,SAJED
HMCMONMNL,HMCS MONTREAL C/O SORIAMONT STEAMSHIP AGENCIES INC,,,,,,PHMNL
GMCONSCEB,"ASUNCION, JOHN PAUL MAHINAY",,,,,,PHCEB
ACCLABGDH,ACCUMAX LAB DEVICES PRIVATE LIMITED (SEZ),,,,,,INGDH
SHATIASHA,SHANGHAI TIANYU REFRIGERATOR EQUIPMENT,,,,,,CNSHA
JABCIRLAX,JABIL CIRCUIT DE CHIHUAHUA,,,,,,USLAX
NSCSTAAGL,NSCR ANGELES STATION,,,,,,PHAGL
ECOVETMNL,ECOVET GROUP,,,,,,PHMNL
GRARESMNL,GRANVILLE RESTAURANTS PHILIPPINES INC.,,,,,,PHMNL
TOPDESDEN,TOPO DESIGNS LLC,,,,,,USDEN
LIMINDMNL,LIMCALY INDUSTRIES INCORPORATED,,,,,,PHMNL
GRANOUTAU,GRAND NOURRITURE INTERNATIONAL INC.,,,,,,PHTAU
AKITRAMNL,AKINITO TRADING AND INDUSTRIAL SERVICES INC.,,,,,,PHMNL
INDOPTAFE,INDIA OPTEL LIMITED,,,,,,INBOM
THAROAAFE,THADDAEUS ROAPC GALLERY,,,,,,KRICN
HUNXINCSX,"HUNAN XING YUAN TECHNOLOGY CO.,LTD",,,,,,CNCSH
MOUADVLYT,MOUNTAIN ADVENTURE NZ LTD.,,,,,,NZLYT
LPASUPSHA,LPA SUPPLY CHAIN LIMITED,,,,,,CNSGH
SOLGOYVR,"SOL-GO, INC",,,,,,CAVAN
PROTRAAFE,PROCOEX TRANSITARIOS S.A.,,,,,,ESMAD
CELMONCRP,CELESTICA LLC MONTERREY,,,,,,USCRP
SAMINDMNL1,"SAMINSCO INDUSTRIAL SALES, INC.",,,,,,PHMNL
MEDMEDMNL1,MEDEV MEDICAL DEVICES CORP,,,,,,PHMNL
NOGAVESTO,NO GA VENTURES,,,,,,SESTO
PIEMANMNL,PIETRUCHA MANUFACTURING (PHILIPPINES) INC.,,,,,,PHMNL
INTMICMNL1,INTERNATIONAL MICRO VILLAGE INC.,,,,,,PHMNL
SOGOMIMNL,SOGOMI CORPORATION,,,,,,PHMNL
STILLNUE,STILL GMBH,,,,,,DENUE
SEAHOUTPE,"SEAFOOD HOUSE CO., LTD",,,,,,TWTPE
CURTPEAFE,"CURIO PACK EXPO CO., LTD.",,,,,,TWTPE
TOORDELAX,"TO THE ORDER OF JPMORGAN CHASE BANK, N.A",,,,,,USLAX
5BROCEMNL,5-BROCEM CORPORATION,,,,,,PHMNL
LEIPUMHAM1,LEISTRITZ PUMPEN GMBH,,,,,,DEHAM
AABCONMNL,AAB CONSTRUCTION SOLUTIONS CORPORATION,,,,,,PHMNL
PRECENKLA,PREMIER CENTRE SERVICES SDN BHD,,,,,,MYKLA
NEWCOAMNL,NEW COAST LEISURE INC.,,,,,,PHMNL
MAIBACVSS,MAISON BACHEVILLIER SAS,,,,,,FRVSS
MACRELMNL,MACHINERY RELIABILITY SYSTEMS INC.,,,,,,PHMNL
PANLOGSHA,PANGEA LOGISTICS (CHINA) LTD.,,,,,,CNSGH
JINEVEXGA,"JINAN EVERGREEN GLASS CO., LTD.",,,,,,CNXGA
SHOSHIMNL,SHOGUN SHIPS CO INC.,,,,,,PHMNL
SYWAIPMNL,"SY, WAI PANG NG",,,,,,PHMNL
SAFOPEJNB,SAFAIR OPERATIONS PTY LTD,,,,,,ZAJNB
PRIAIRCAR,PRIME AIR CORP (USA),,,,,,PRCAR
PHIDYNMNL,PHILMED DYNASTY CORP.,,,,,,PHMNL
EXPFREMAA1,EXPO FREIGHT PRIVATE LIMITED (EFL GLOBAL – INDIA),,,,,,INMAA
LINENEMNL,"LINK ENERGIE INDUSTRIES CO, INC.",,,,,,PHMNL
SINSAMAFE,PT. SINAR SAMUDRA GLOBAL,,,,,,IDJKT
ITWSPESZG,"ITW SPECIALTY MATERIALS (SUZHOU) CO., LTD.",,,,,,CNSZG
SCHELEMNL1,SCHUMACHER ELEVATOR (ZHANGJIAGANG) INC,,,,,,PHMNL
PERRICMNL1,PERNOD RICARD WINEMAKERS PTY LTD.,,,,,,PHMNL
PHIPOSMNL,PHILIPPINE POST OFFICE,,,,,,PHMNL
AVEGLOSEP,AVEON GLOBAL TRANSPORTS SDN BHD,,,,,,MYSEP
DRULABMNL,"DRUGMAKER'S LABORATORIES, INC.",,,,,,PHMNL
PHIUROMNL,PHILIPPINE UROLOGICAL ASSOCIATION,,,,,,PHMNL
VFICEPSTT,V&F ICE PLANT AND COLD STORAGE INC.,,,,,,PHSTT
CHRDIOSIN,CHRISTIAN DIOR (SINGAPORE) PTE LTD.,,,,,,SGSIN
EQLINECMB,EQ LINES PVT LTD.,,,,,,LKCMB
MANPOWMNL,MANSILOC POWER CO. LTD.,,,,,,PHMNL
ASCPROPIB,ASCENDANT PROGRAM SERVICES LLC,,,,,,USURE
AFPPROMMX,AFP PROVISIONS AB,,,,,,SEMMA
DONREVMNL1,"DON REVY PHILIPPINES, INC.",,,,,,PHMNL
DONBOSMNL,"DON BOSCO COLLEGE, INC.",,,,,,PHMNL
PANINZBEG,PANOS INZENJERING DOO NOVI SAD,,,,,,RSBEG
TOPOPTMNL1,TOP OPTHALMIC PRODUCTS & SERVICES,,,,,,PHMNL
ROMPHIMNL,ROMBE PHILIPPINES INC.,,,,,,PHMNL
PROCULFUZ,PROFIT CULTURAL & CREATIVE GROUP CORPORATION,,,,,,CNFUZ
SUYCHIMNL,SUYCHICKEN CORPORATION,,,,,,PHDVO
PEPCOLCEB,"PEPSI-COLA PRODUCTS PHILS., INC.",,,,,,PHCEB
RJRRURILM,RJRT RURAL HALL CDC,,,,,,USILM
BARATSFXT,THE BARN AT STUDLEY,,,,,,GBFXT
MACROLMNL,MACROLITE CORPORATION,,,,,,PHMNL
GOLDSOMNL,GOLDSON COMPANY INCORPORATED,,,,,,PHMNL
INSPECMNL,INSPECIT INC,,,,,,PHMNL
CHRDIOSEL,CHRISTIAN DIOR COUTURE KOREA LTD.,,,,,,KRSEL
HANRUISZV,"HANGZHOU RUILIN TECHNOLOGY CO., LTD.",,,,,,CNSZH
ALTCOMMNL,ALTA COMIDA INC.,,,,,,PHMNL
CANNURPNS,THE CANVAS NURSERY,,,,,,USPNS
SOUGLOMNL,SOUTH GLOBAL CORPORATION,,,,,,PHMNL
APIGLOSIN1,API GLOBAL SINGAPORE PTE LTD,,,,,,SGSIN
EMMENTMNL,EMMANTECH ENTERPRISES,,,,,,PHMNL
MEDGRALJU,MEDNARODNI GRAFIČNI LIKOVNI CENTER,,,,,,SILJU
SIMHOMMNL,SIMPLY HOME AND CONSTRUCTION SUPPLIES OPC,,,,,,PHMNL
SINTRADXB,SINOON TRADING,,,,,,AEDXB
SIETROBOS,SIERRA TROPICAL LIMITED,,,,,,GBBOS
CONBRAROC,CONSTELLATION BRANDS U.S. OPERATIONS INC.,,,,,,USROC
ESHIPPMNL,E-SHIPPING AND LOGISTICS PHILS INC.,,,,,,PHMNL
DOLINTTAFE,"DOLPHIN INTERNATIONAL EXHIBITION LOGISTICS CO., LTD.",,,,,,TWTPE
FONVERMNL,FONTERRA VERDE HOLDINGS INC.,,,,,,PHMNL
WUYHONNGB,"WUYI HONGTAI STEEL DRINKWARE CO. LTD.,",,,,,,CNNBO
INIMARMNL,INITIUM MARKETING CORPORATION,,,,,,PHMNL
COCWONCZF,COCO WONDER,,,,,,FRCZF
HOLNAMCEB,HOLY NAME UNIVERSITY MEDICAL CENTER PERU DAYAG,,,,,,PHCEB
SHEAZISZX,"SHENZHEN A&Z INTERNATIONAL LOGISTICS CO., LTD",,,,,,CNSNZ
IDERETJNB,IDELIVER RETAIL SOLUTIONS (PTY) LTD,,,,,,ZAJNB
SEAFOODXB,SEALAND FOODSTUFF TRADING LLC,,,,,,AEDXB
ARCBEYJEA,"""ARCHALY BEYIK DAG"" HK",,,,,,AEJEA
HARSTAMNL,HARBOR STAR SHIPPING SERVICES INC - FMRLY. SEATOWS,,,,,,PHMNL
ARTCELMNL,ARTISAN CELLARS AND FINE FOODS INC,,,,,,PHMNL
GREASIMNL,GREEN ASIA RESOURCES CORPORATION,,,,,,PHMNL
MGEXEOMNL,"MG EXEO NETWORK, INC.",,,,,,PHMNL
CPCINTPNH,"CPCG INTERNATIONAL CO., LTD.",,,,,,KHPNH
PER888CEB,PERFICIENT 888 CONSUMER GOODS TRADING,,,,,,PHCEB
METENGCRK,METROJET ENGINEERING CLARK LIMITED,,,,,,PHCRK
AAGLOBBZB,"A&A GLOBAL INDUSTRIES, INC.",,,,,,
ACMUNICLT,ACME UNITED CORPORATION,,,,,,
ADVBUSLAX,ADVANCED BUSINESS STRATEGIES LLC,,,,,,
ADVDIRLAX,ADVANTAGE DIRECT INC.,,,,,,
ANCINGLAX,"ANCHOR INGREDIENTS CO., LLC",,,,,,
ANTSTRCHC,ANTONIO STRINGS LIMITED,,,,,,
APTSINAFE,APT SHOWFREIGHT (S) PTE LTD,,,,,,
APTHKGAFE,APT SHOWFREIGHT LTD. HONGKONG,,,,,,
APTSHOSGN,"APT SHOWFREIGHT VIETNAM CO., LTD.",,,,,,
ARAGALAFE,ARARIO GALLERY,,,,,,
ARTHOMTXA,ARTERIORS HOME,,,,,,
ASHTABAKL,ASHTABULA,,,,,,
ATALANECG,ATALANTA CORPORATION,,,,,,
ATANORLUX,ATANOR S.C.A,,,,,,
BALBRANYC,BALSAM BRANDS INC,,,,,,
BALBRALAX,BALSAM BRANDS INCORPORATED,,,,,,
BANDSAPAR,BANDAI SA,,,,,,
BASCLEPEN,BASAN CLEANROOM MALAYSIA SDN BHD,,,,,,
BAUINTCHS,"BAUER INTERNATIONAL PURVEYORS, LLC",,,,,,
BIABISIZM,BIANCHI BISIKLET SANAYI VE TICARET LIMITED SIRKETI,,,,,,
BININTHBG,BINDER INTERNATIONAL GMBH & CO. KG,,,,,,
BLADIASLC,BLACK DIAMOND DISTRIBUTION CENTER,,,,,,
BRICOLANT,BRICOLUX,,,,,,
CJNGMP,C.J.N. COMPANY,,,,,,
CDIENTIAH,CDI ENTERPRISES LLC,,,,,,
CEFPRESZN,CEFETRA PREMIUM OILS USA,,,,,,
CELDELVAL,CELULOSA DE LEVANTE S A,,,,,,
CHIRETLAX,"CHICOS RETAIL SERVICES, INC.",,,,,,
CHRDESLGB,CHRISTMAS DESIGNERS.COM LLC,,,,,,
CURKULAFE,CURIO PACK SDN BHD,,,,,,
DANCHISHA,DANISCO (CHINA) CO. LTD.,,,,,,
DCLLOGSDF,DCL LOGISTICS,,,,,,
DECMACRTM,DECKERS MACAU LIMITED,,,,,,
DUNSPOCHS,DUNLOP SPORTS GROUP AMERICAS,,,,,,
ETHALLJFK,ETHAN ALLEN GLOBAL INC.,,,,,,
ETHALLGOH,ETHAN ALLEN OPERATIONS INC,,,,,,
FMAYERMEL,F. MAYER IMPORTS PTY LTD.,,,,,,
FALTOOCJB,FALCON TOOLINGS,,,,,,
FASPURONA,FASTENAL COMPANY PURCHASING,,,,,,
FASMEXMEX,FASTENAL MEXICO S DE RL DE CV,,,,,,
FENOUTDEN,FENIX OUTDOOR IMPORT LLC,,,,,,
FLEMANMEX,FLEXTRONICS MANUFACTURING MEXICO,,,,,,
FOOFORLAX,"FOOD FOR ALL, INC.",,,,,,
FOOINTSFO,FOODASIA INT'L CORP.,,,,,,
FUJTRETPE,"FUJIN TREE CULTURAL CREATIVE & TECHNOLOGY CO., LTD.",,,,,,
GICODABCN,GICODA S.L,,,,,,
GLOCOMHWD,GLOBAL COMMODITIES CORP.,,,,,,
,GLOBAL POWER LOGISTICS SERVICES INC.,,,,,,
GRAINT2KS,GRAINGER INTERNATIONAL INC. AKA GRAINGER GLOBAL SOURCING,,,,,,
GYEYACICN,GYEONGNAM YACHT FEDERATION,,,,,,
,HAMMERHEAD SPEARFISHING CORPORATION,,,,,,
HAMLUMPDX,HAMPTON LUMBER SALES,,,,,,
HARCONMDW,HARTLAND CONTROLS LLC,,,,,,
HENLAMBRE,HENRY LAMOTTE OILS GMBH,,,,,,
HONCYBHKG,HONGKONG CYBORWELL INTERNATIONAL LIMITED,,,,,,
HOTLOBPER,HOTEL LOBBY RUM PTY. LTD.,,,,,,
INTASIMAC,INTERBLOCK ASIA PACIFIC PTY LTD.,,,,,,
INTNHDAAR,INTERNATIONAL N&H DENMARK APS,,,,,,
INVSECOLS,INVUE SECURITY PRODUCTS INC.,,,,,,
JULISKJFK,JULISKA,,,,,,
KINFRELAX,KING FREIGHT NEW YORK INC.,,,,,,
LAROSEHSA,LA ROSE NOIRE EUROPE AG,,,,,,
LANENDJVL,LANDS' END,,,,,,
LANENDDBQ,LAND'S END,,,,,,
LANDSELB3,LANDS’END INC.,,,,,,
LEVIMPVLC,"LEVANTE IMPORTACION Y EXPORTACION, S.L",,,,,,
LITASILAX,LITTELFUSE ASIA SALES B.V,,,,,,
LULATHBHX,LULULEMON ATHELTICA CANADA INC.,,,,,,
LULATHRTM,LULULEMON ATHLETICA CH GMBH,,,,,,
MACCHINYC,"MACKENZIE-CHILDS, LLC",,,,,,
MAEATLNYC,MAERSK ATLANTA,,,,,,
MARJACNYC,MARC JACOBS INTERNATIONAL LLC,,,,,,
MARJACYTN,MARC JACOBS INTERNATIONAL LLC,,,,,,
MARJACHKG,MARC JACOBS INTERNATIONAL LLC,,,,,,
MARJACMRH,"MARC JACOBS INTERNATIONAL LLC, C/O",,,,,,
MARSPEAIO,MARKS & SPENCER MARINOPOULOS GREECE,,,,,,
MCGEESLC,MCGEE AND CO,,,,,,
MGACCEMIA,"MG ACCESSORIES & DISTRIBUTION, INC",,,,,,
MINOFIMPM,MINISTRY OF INTERIOR OF THE REPUBLIC OF MOZAMBIQUE,,,,,,
MIZUNOSIN,MIZUNO SINGAPORE PTE LTD,,,,,,
MOREDULAX,"MORAVIA EDUCATION INC, ASN",,,,,,
MOUADVLYT,MOUNTAIN ADVENTURE NZ LTD.,,,,,,
NICRICPLU,NICE AND RICH CREATION LTD,,,,,,
NOMATILAX,"NOMATIC, LLC",,,,,,
PAIEYELAX,PAIR EYEWEAR,,,,,,
PAMFOOSFO,"PAMANA FOODS 88, INC., U.S.A.",,,,,,
PLABANLAX,PLASTIC BANK RECYCLING CORPORATION,,,,,,
PORLEAAUS,PORTLAND LEATHER GOODS,,,,,,
PRIINTYVR,PRIMO INTERNATIONAL,,,,,,
PROTRAAFE,PROCOEX TRANSITARIOS S.A.,,,,,,
RAMBATSFO,"RAMCAR BATTERIES, INCORPORATED",,,,,,
RIFPAPLAX,RIFLE PAPER CO.,,,,,,
ROBBOSCHS,ROBERT BOSCH LLC,,,,,,
ROGCLECHS,"ROGER CLEVELAND GOLF CO., INC.",,,,,,
ROGEXPSIN,ROGERS EXPO SERVICES (SINGAPORE) PTE LTD,,,,,,
ROGPOULAX,ROGIER POULTRY SUPPLIES,,,,,,
RUNTHAKCB,RUNGSAPPATTANA (THAILAND) COMPANY LIMITED,,,,,,
SEAFOOYVR,SEASIA FOODS LTD.,,,,,,
SECRSGSIN,SECRETLAB SG PTE. LTD.,,,,,,
SERLILOAK1,SERENA & LILY INC.,,,,,,
,"SHANGHAI AZ LOGISTICS CO.,LTD.",,,,,,
,SHENZHEN LINGYUE INTERNATIONAL LOGISTICS CO.LTD,,,,,,
SHIBISAMR,SHIMANO BISIKLET PARCA VE EKIPMANLA,,,,,,
SHIEURNUN,SHIMANO EUROPE B.V.,,,,,,
SIMPLISAV,"SIMPLISAFE, INC.",,,,,,
SLCDISSLC,SLC DISTRIBUTION CENTER BLACK DIAMOND EQUIPMENT LTD.,,,,,,
SOUASIMDW,SOURCE ASIA INC.,,,,,,
SUNTRADOH,SUNRISE TRADING & FOOD STUFF CO.,,,,,,
TELFARNYC,TELFAR HOLDING INC.,,,,,,
MARGROSYD,THE MARKET GROCER,,,,,,
SAUPLASDF,THE SAUNA PLACE,,,,,,
THEUSALAX,THERMALTAKE USA INC,,,,,,
THERMOADT,THERMOGREEN SL,,,,,,
THLGOUYVR,THL GOURMET FOODS INC.,,,,,,
THUCANYVR,THULE CANADA INC.,,,,,,
THULELAX,THULE INC.,,,,,,
TIMPAGFXT,TIM PAGE CARPETS,,,,,,
TMAAUSMEL,TMA AUSTRALIA PTY. LIMITED,,,,,,
TOPDESDEN,TOPO DESIGNS LLC,,,,,,
TOWCOUSOU,TOWN & COUNTRY FINE FOODS,,,,,,
TRAORGLAX,"TRADIN ORGANICS USA, LLC",,,,,,
TRANETWKZ,"TRANSFORMERS NETWORK, INC.",,,,,,
TRANETMDW,"TRANSFORMERS NETWORK, INC. DBA PHOENIX INTERNATIONAL FREIGHT SERVICES, INC.",,,,,,
TREBICAMS,TREK BICYCLE,,,,,,
TRUHAISGN,TRUONG HAI AGRICULTURE JOINT STOCK COMPANY,,,,,,
UBICQULAX,UBICQUIA INC.,,,,,,
UNIRAWNYC,UNIVERSAL RAW INGREDIENTS LLC,,,,,,
UNLSPOPIR,UNLIMITED SPORTS SA,,,,,,
VARWHORIC,"VARIETY WHOLESALERS, INC.",,,,,,
VERRECHUF,VERDECO RECYCLING MIDWEST INC,,,,,,
VISTEOLAX,VISTEON,,,,,,
VOSBEENSA,VOSSLOH BEEKAY CASTINGS LIMITED,,,,,,
VUORJDLAX,VUORI C/O JD GROUP,,,,,,
WELTEGHAM,WELTPARTNER EG,,,,,,
WONWORLAX,WONDER WORKSHOP INC.,,,,,,
YETCOOIAH,YETI COOLERS LLC,,,,,,
YETILAX,YETI CORPORATION,,,,,,
ZHEJIAAFE,"ZHEJIANG JIADE PACKING MACHINERY CO., LTD.",,,,,,
ZODPOOLAX,ZODIAC POOL SYSTEMS LLC,,,,,,
AAZMARDVO,"AAZ MARKETING, INC.",,,,,,PHDVO
ACCTECMNL,ACCUTEST TECHNOLOGIES PHILIPPINES INC,,,,,,PHMNN
ACEINDCEB,ACE INDUSTRIAL SALES,,,,,,PHMNN
ADVCONMNL,ADVANTAGE CONCRETE INDUSTRIES CORP.,,,,,,PHMNN
ADVNATMNL,ADVANCED NATURAL NUTRITION,,,,,,PHMNL
AGPCORMNL,AGP CORPORATION,,,,,,PHMNL
AGRPREMNL,"AGRIPRO PREMIER NUTRITION, INC",,,,,,PHMNL
AIRDRIMNL,AIRDRIVE INDUSTRIAL CORPORATION,,,,,,PHMNN
ALLAUTMNL,ALLIANCE AUTO & TRUCK REBUILDERS INC.,,,,,,PHMNN
ALLTRAMNL,"ALL TRANSPORT NETWORK, INC.",,,,,,PHMNN
ALSTRAMNL1,"ALSTOM TRANSPORT CONSTRUCTION PHILIPPINES, INC.",,,,,,PHMNN
ALTFAIMNL,ALTA FAIRS AND EXHIBITS,,,,,,PHMNN
ALTFAIMNL1,ALTA FAIRS AND EXHIBITS CORPORATION,,,,,,PHMNN
ALTGLOMNL,"ALTA GLOBAL SERVICES, INC.",,,,,,PHDVO
AMEPOWMNL,AMERICAN POWER CONVERSION CORPORATION (A.P.C),,,,,,PHCEB
ARMJESCEB,ARMIE JESALVA FOUNDATION INC.,,,,,,PHCEB
ARRMARCEB,ARRK MARKETING INC.,,,,,,PHMNL
ARTCELMNL,ARTISAN CELLARS AND FINE FOODS INC,,,,,,PHMNN
ASHDISMNL,ASHLEY DISTRIBUTORS SEA CO LTD.,,,,,,PHMNN
ATLPACMNL1,ATLAS PACIFICA VENTURES OPC,,,,,,PHMNL
AUTSAFCEB,"AUTOLIV CEBU SAFETY MANUFACTURING, INC.",,,,,,PHMNS
AVEMARMNL,AVESCO MARKETING,,,,,,PHMNS
BANSENMNL,BANGKO SENTRAL NG PILIPINAS,,,,,,PHMNS
BBRAAVIMNL,B. BRAUN AVITUM PHILIPPINES INC.,,,,,,PHMNN
BBRAMETMNL,B. BRAUN MEDICAL SUPPLIES INC.,,,,,,PHMNL
BENINDMNL,BENGAR INDUSTRIAL CORPORATION,,,,,,PHMNL
BERMARCEB,BEROVAN MARKETING INC.,,,,,,PHMNL
BINCONCEB,BINOREZ CONSUMER GOODS TRADING,,,,,,PHMNL
BOEMATMNL,BOEING MATERIAL HANDLING CORPORATION,,,,,,PHMNS
BOOONLMNL,"BOOZE ON-LINE, INC.",,,,,,PHMNL
BROCOMMNL,"BROWNFLY COMMERCIAL AND INDUSTRIAL SERVICES, INC.",,,,,,PHMNN
BVTRADLIP,B & V TRADING,,,,,,PHMNN
CAMINDMNL1,CAMDEN INDUSTRIES INC.,,,,,,PHMNN
CAMINTMNL,CAMDEN INTERNATIONAL SALES INC,,,,,,PHMNN
CASINTMNL,"CASES INTERNATIONAL, PHILS. INC.",,,,,,PHMNN
CAYEQUMNL,CAYEBEL EQUIPMENT INC,,,,,,PHMNL
CEBATLCEB,CEBU ATLANTIC HARDWARE INC.,,,,,,PHMNS
CEBPROCEB,CEBU PROGRESS COMMERCIAL/VERDE LINEAR CORPORATION,,,,,,PHMNS
CENLIGMNL,CENIT LIGHTING PHILIPPINES INC.,,,,,,PHMNN
CENMEDMNL,CENTRO-MED ENTERPRISES,,,,,,PHMNN
CHAPOKMNL,CHAROEN POKPHAND FOODS PHILIPPINES CORP.,,,,,,PHMNN
CHEPHIMNL,"CHEMICO PHILIPPINES, INC.",,,,,,PHMNN
CHRMISCEB,CHRISTIAN MISSIONARY BAPTIST CHURCH,,,,,,PHMNL
CIBLIFMNL,CIBES LIFT PHILIPPINES INC,,,,,,PHMNN
CLECITMNL,"CLEAN CITY COMMERCIAL, INC.",,,,,,PHMNN
COMPJMMNL,"COMPANIA J.M., INC",,,,,,PHMNS
CONHEACEB1,CONFLUENCE HEALTH AND WELLNESS PRODUCTS,,,,,,PHMNS
CONSALMNL,"CONTINENTAL SALES, INC.",,,,,,PHMNN
CORDIVCEB,CORNERSTONE DIVERSIFIED GOODS TRADING INC,,,,,,PHMNN
CORINTMNL,CORNERSTONE INTERNATIONAL PHILIPPINES,,,,,,PHSFS
COTSUGMNL,COTABATO SUGAR CENTRAL COMPANY INC.,,,,,,PHMNL
CURPHIMNL,"CURE PHILIPPINES, INC.",,,,,,PHMNN
CYPACIQZT,CY PACIFIC CONSOLIDATED INC,,,,,,PHMNN
DAVBAYDVO,"DAVAO BAY COCONUT OIL MILLS, INC.",,,,,,PHMNN
DAVMIKMNL,DAVID MIKEL ABOITIZ,,,,,,PHMNN
DEPOFTMNL2,DEPARTMENT OF TRANSPORTATION,,,,,,PHCEB
DOWHOSMNL,"TAN, KIAN GO",,,,,,PHMNL
DYNHEAMNL,DYNAMED HEALTHCARE INCORPORATED,,,,,,PHMNS
EEIMNL,EEI CORPORATION,,,,,,PHMNL
ELIINDMNL,"ELIXIR INDUSTRIAL EQUIPMENT, INC.",,,,,,PHMNN
ENDMEDMNL,"ENDURE MEDICAL, INC.",,,,,,PHMNN
ENTIREMNL,"EN-TIRE CAR CARE CENTRE, INC.",,,,,,PHMNS
ENVVENMNL,"ENVIRONMENTAL VENTURES MARKETING, INC",,,,,,PHMNL
EPIPHIMNL,"EPIROC PHILIPPINES, INC.",,,,,,PHMNN
EQULINTMNL,EQUILIBRIUM INTERTRADE CORPORATION,,,,,,PHMNN
ESSMANMNL,"ESSILOR MANUFACTURING PHILIPPINES, INC.",,,,,,PHMNN
EUNICEMNL,EUNICE INC.,,,,,,PHMNL
EURPACMNL,EURO PACIFIC LINK INTERNATIONAL CORP,,,,,,PHMNS
EXTINGMNL,EXTINGUISHED INC.,,,,,,PHMNN
FAIKNIMNL,"FAIRLAND KNITCRAFT CO., INC.",,,,,,PHMNN
FANINDCEB,FANBO INDUSTRIAL CO (PHIL),,,,,,PHMNN
FEDDISMNL,FEDERATED DISTRIBUTORS INC.,,,,,,PHSFS
FEPPRIMNL,FEP PRINTING CORPORATION,,,,,,PHCEB
FEWMARMNL,FEWILL MARKETING CORP.,,,,,,PHMNN
FILCONCGY,FIL-CONVEYOR COMPONENTS,,,,,,PHMNL
FILVENMNL,FILCON VENTURES INC.,,,,,,PHMNN
FIRAVPMNL,FIRST-AVPR VENTURE INC,,,,,,PHMNS
FLAINTMNL,FLAVORCREST INTERNATIONAL CORPORATION,,,,,,PHMNN
FLYACEMNL,FLY ACE CORPORATION,,,,,,PHMNN
FREINTMNL,"FREYSSINET INTERNATIONAL MANILA, INC.",,,,,,PHMNL
FUTTRAIMNL,"FUTURE TRADE INTERNATIONAL, INC",,,,,,PHMNN
GANKALMNL,"GANDANG KALIKASAN , INC.",,,,,,PHMNN
GARBAKMNL,GARDENIA BAKERIES (PHILIPPINES) INC.,,,,,,PHMNN
GARBARMNL,GARDEN BARN INC.,,,,,,PHMNS
GCHEMTMNL,G CHEMTRADING CORP.,,,,,,PHMNN
GENDISMNL,"GENSON DISTRIBUTION, INC.",,,,,,PHMNL
GENHEATMNL,GENERAL HEAT CORPORATION,,,,,,PHMNS
GEOTRACEB,GEO TRANSPORT & CONSTRUCTION INC,,,,,,PHMNN
GINSANMNL,GINEBRA SAN MIGUEL INC.,,,,,,PHMNN
GLOINTMNL,GLOBE INTERNATIONAL DISTRIBUTOR CENTER INC.,,,,,,PHMNL
GOLDSOMNL,GOLDSON COMPANY INCORPORATED,,,,,,PHMNN
GULTRAMNL,GULLHAV TRADING INC.,,,,,,PHMNN
H3TECHMNL,"H3 TECHNOLOGY PHILS., INC.",,,,,,PHDVO
HEXREFMNL,HEXAFROST REFRIGERATION PHILS. INC.,,,,,,PHMNN
HIDINTMNL,HIDEMI INTERNATIONAL CORP,,,,,,PHCEB
HOTENTMNL,HOTEL ENTERPRISES OF THE PHILIPPINES INC.,,,,,,PHMNN
IFACEMNL,IFACE INC.,,,,,,PHMNN
INDINTMNL,INDOFINE INTERNATIONAL,,,,,,PHMNN
INFCOMMNL,INFINITI COMMERCIAL LOGISTICS INC.,,,,,,PHMNN
INNKNOCEB,"INNODATA KNOWLEDGE SERVICES, INC.",,,,,,PHMNL
INTCARMNL1,INTERNATIONAL CARE MINISTRIES FOUNDATION INC.,,,,,,PHMNN
JAVTHEMNL,JAV THERMAL SOLUTIONS INC,,,,,,PHCEB
JCMINTCEB,JCM INTERNATIONAL MARKETING CORP.,,,,,,PHCEB
JELMERMNL1,"GAMBA, JELYN MERCED",,,,,,PHMNN
JOSTRAMNL,JOSEFINO TRADING,,,,,,PHCEB
JTTRANLGU,"J T TRANSPORT SERVICES, OPC",,,,,,PHCEB
JVOFAICEB,JV OF AIMM BUILDER AND CONSTRUCTION SUPPLY AND REDVIPER,,,,,,PHMNN
KENMOCMNL,KENNETH AND MOCK DESIGNS INC,,,,,,PHMNN
KERMANMNL,"KERRY MANUFACTURING (PHILIPPINES), INC.",,,,,,PHMNN
KITBEAMNL,KITCHEN BEAUTY MARKETING CORPORATION,,,,,,PHMNL
KONBEAMNL,KONVY BEAUTY AND THE BEST DEAL,,,,,,PHMNN
KUYENTMNL,"KUYSEN ENTERPRISES, INC.",,,,,,PHMNN
LIGRAIMMNL,LIGHT RAIL MANILA CORPORATION (LRMC),,,,,,PHCEB
LIWMARCVE,LIWAYWAY MARKETING CORPORATION,,,,,,PHMNN
LUZRATCEB2,LUZON RATTAN INDUSTRIES CUSTOMS BONDED WAREHOUSE CORP,,,,,,PHMNN
MACPHIMNL,"MACCAFERRI PHILIPPINES, INC",,,,,,PHMNN
MACWRAMNL,MACEN WRAPPING AND PACKAGING CORP.,,,,,,PHMNN
MALTRAMNL,MALDIVE TRADING CORPORATION,,,,,,PHMNS
MARUNLMNL,"MARSTECH UNLIMITED SOLUTIONS & TECHNOLOGY, INC.",,,,,,PHMNS
MAUDRYCEB,MAU DRY GOODS TRADING,,,,,,PHMNS
MAYCLEMNL,MAYDEN CLEANING SOLUTIONS INC.,,,,,,PHDVO
MCAFOOMNL,MCASIA FOODTRADE CORPORATION,,,,,,PHMNN
MCCCITMNL,MCC-CITICORE CONSTRUCTION INC.,,,,,,PHMNN
MEDGRALJU,MEDNARODNI GRAFIČNI LIKOVNI CENTER,,,,,,PHDVO
MELOFPMNL,"MELALEUCA OF THE PHILIPPINES, INC.",,,,,,PHMNN
MERPRIMNL,MERITUS PRIME DISTRIBUTIONS INC.,,,,,,PHMNN
MGEXEOMNL,"MG EXEO NETWORK, INC.",,,,,,PHMNS
MTMARILEY,MT MARIANO LOGISTICS SERVICES,,,,,,PHMNN
MYACONCEB,MYA CONSUMER GOODS TRADING,,,,,,PHMNN
NAPGAPMNL,NAPA GAPA BEVERAGES CORPORATION,,,,,,PHMNN
NATDISMNL,NATIONWIDE DISTRIBUTORS INC,,,,,,PHMNN
NATGENMNL,NATIVE GENERAL MERCHANDISING CORP.,,,,,,PHDVO
NEWCOAMNL,NEW COAST LEISURE INC.,,,,,,PHMNL
NEWFAIMNL,NEW FAITH FAMILY CHILDREN'S HOME,,,,,,PHCEB
NICERAMNL,NICERA PHILIPPINES INC.,,,,,,PHMNL
NIKEMNL,"NIKE PHILIPPINES, INC.",,,,,,PHMNL
NIRCERMNL,"NIRO CERAMIC (PHILIPPINES), INC.",,,,,,PHMNN
NOBILEMNL,"NOBILE, INC.",,,,,,PHMNN
NTPINTMNL,"NTPI INTERNATIONAL, INC.",,,,,,PHMNN
NXLOGIMNL1,"NX LOGISTICS PHILIPPINES, INC",,,,,,PHMNL
NXSPHIMNL,NXS PHILIPPINES INC,,,,,,PHMNN
OBFHEAMNL,OBF HEALTHCARE PLUS INC.,,,,,,PHMNL
OCEPHIMNL,"OCEANAGOLD (PHILIPPINES), INC",,,,,,PHMNN
OFFISYMNL,"OFFISYNERGY, INC.",,,,,,PHMNN
ONCOLIMNL,ONCOLIFE CORPORATION,,,,,,PHMNN
PARHUBMNL,THE PARENTING HUB INC.,,,,,,PHMNL
PERRICMNL,"PERNOD RICARD PHILIPPINES, INC.",,,,,,PHMNL
PHIALLMNL,PHILIPPINE ALLIED ENTERPRISE CORP.,,,,,,PHMNS
PHIBATMNL,PHILIPPINE BATTERIES INC.,,,,,,PHMNN
PHIBELMNL,PHILIPPINE BELT MANUFACTURING CORPORATION,,,,,,PHMNN
PHIEURMNL,PHIL-EURO HOME GALLERY INC.,,,,,,PHMNL
PHIFOOMNL,PHILIPPINE FOOD SERVICE EQUIPMENT & SUPPLIES CORP.,,,,,,PHMNN
PHIINSULMNL,"PHILIPPINE INSULATION CO., INC.",,,,,,PHMNN
PHIPHAWMNL,PHIL PHARMA WEALTH INC.,,,,,,PHMNN
PHIWINMNL1,PHILIPPINE WINE MERCHANTS,,,,,,PHMNN
PIOADHMNL,"PIONEER ADHESIVES, INC.",,,,,,PHMNN
PLMCHEMNL,PLM CHEMICAL CORPORATION,,,,,,PHMNN
POLPROMNL,"POLYMER PRODUCTS (PHIL.), INC.",,,,,,PHMNN
PREWINMNL,PREMIER WINE & SPIRITS INC.,,,,,,PHMNN
PREWINMNL1,PREMIER WINE AND SPIRITS INC.,,,,,,PHMNN
PRICORMNL1,PRINCEACE CORP,,,,,,PHMNN
PRIELEMNL,PRISMA ELECTRICAL CONTROLS CORP.,,,,,,PHMNN
PRIPACMNL1,PRIME PACIFIC FOODS CORPORATION,,,,,,PHMNN
PRISALMNL,PRIME SALES INCORPORATED,,,,,,PHMNN
PRIVALILO,PRINCE VALIANT INTL CORP,,,,,,PHMNS
PROINTCEB,PROFOOD INT'L CORP.,,,,,,PHMNN
PROINTMNL,PROFOOD INTERNATIONAL CORP.,,,,,,PHDVO
RANCONMNL,RANNS CONSUMER GOODS TRADING,,,,,,PHSFS
RELPROMNL,RELIANCE PRODUCERS COOPERATIVE (RPC),,,,,,PHCEB
RESPINMNL,R. ESPINELI TRADING,,,,,,PHMNN
RITEGRMNL,RITEGROUP INCORPORATED,,,,,,PHMNN
RMDENTDVO,RM DENTAL LABORATORY & SUPPLY,,,,,,PHMNL
ROCPATMNL,"ROCKPORT PATTERSON MARKET SUPPLY, INC",,,,,,PHMNN
RODSAGDVO,RODS SAGITTARIUS DRY GOODS TRADING,,,,,,PHMNN
ROYDANAFE,ROYAL DANISH EMBASSY MANILA,,,,,,PHCEB
SANCOLMNL,SANDEN COLD CHAIN SYSTEM PHILIPPINES INC.,,,,,,PHMNS
SANMIGYMDL,SAN MIGUEL YAMAMURA PACKAGING CORPORATION,,,,,,PHMNN
SANSPIMNL,SANDPIPER SPICES AND CONDIMENTS CORP.,,,,,,PHDVO
SCUMARMNL,SCUDERIA MARKETING AND DISTRIBUTION CORPORATION,,,,,,PHMNS
SEALUXCVE,SEA LUXURY BRANDS INC.,,,,,,PHMNN
SHASPOMNL,SHALIMAR SPORTS INTERNATIONAL INC.,,,,,,PHMNN
SHERIDCEB,"SHERIDAN MARKETING , INC.",,,,,,PHMNN
SICMARMNL,"SICCION MARKETING, INC.",,,,,,PHMNS
SILHORMNL,SILVER HORIZON TRADING,,,,,,PHMNN
SMCASIMNL,SMC ASIA CAR DISTRIBUTORS CORP.,,,,,,PHMNN
SOMSELMNL,"SOMMELIER SELECTION, INC",,,,,,PHMNN
SONINTIMNL,SONLIE INTERNATIONAL INC,,,,,,PHMNL
STRBLIMNL,STREAMLINE BLINDS CORPORATION,,,,,,PHMNL
STRONGMNL,"STRONGHAND, INC.",,,,,,PHMNS
SUBGSAMNL,SUBIC GS AUTO INC.,,,,,,PHMNL
SUPSIEMNL,SUPER SIERRA MARKET SUPPLY OPC,,,,,,PHMNN
SVACOSCEB,SVAN COSMETICS CORPORATION,,,,,,PHMNN
SYWAIPMNL,"SY, WAI PANG NG",,,,,,PHMNN
TECEQUMNL,TECHNOLUX EQUIPMENT AND SUPPLY CORP.,,,,,,PHMNS
TECQUIMNL,TECH-QUIPPED CORPORATION,,,,,,PHMNL
THEVISCEB,"THERMA VISAYAS, INC.",,,,,,PHMNN
TIGRESMNL,"TIGER RESORT, LEISURE AND ENTERTAINMENT, INC.",,,,,,PHMNN
TILTRAMNL,THE TILEEXPO TRADING INC.,,,,,,PHMNN
TONINTMNL,TONGTAH INTERNATIONAL FREIGHT FORWARDING CORP.,,,,,,PHMNN
TOPMARMNL1,TOPCOMS MARKETING CORPORATION,,,,,,PHMNL
TRAINTHMNL,"TRAVELLERS INTERNATIONAL HOTEL GROUP, INC.",,,,,,PHMNL
TRAUNLMNL,TRANSAXION UNLIMITED CORP.,,,,,,PHMNN
TRAUPIMNL,TRADE UP INTERNATIONAL INCORPORATED,,,,,,PHMNN
TRI888MNL,TRIPLE 888 INDUSTRIAL TRADING CORP.,,,,,,PHMNN
TRIMAGMNL,TRI MAGNUM INC.,,,,,,PHMNN
TSUELEMNL,"TSUKIDEN ELECTRONICS PHILIPPINES, INC.",,,,,,PHMNN
TWITOWCEB,TWIN TOWER FARMS CEBU CORPORATION,,,,,,PHMNL
UNIAUCMNL,UNITED AUCTIONEERS INC.,,,,,,PHMNN
UNIINKMNL,"UNION INKS AND GRAPHICS PHILIPPINES, INC.",,,,,,PHCEB
UNITRAMNL,"UNIGLOBE TRAVELWARE CO., INC",,,,,,PHMNN
USEMBAJMNL,US EMBASSY MANILA,,,,,,PHMNN
USEMBAPMNL,US EMBASSY MANILA,,,,,,PHMNL
VEICARMNL,VEILIG CARGO MOVERS INC.,,,,,,PHDVO
VELDEVMNL,VELCO DEVELOPMENT CORPORATION,,,,,,PHMNN
VERENTMNL,VERTEX ENTERTAINMENT AND RESORT CORP.,,,,,,PHMNN
VJKINTDVO,VJK INTERNATIONAL IMPEX CORPORATION,,,,,,PHCGY
WALCROMNL,WALL CROWN DESIGN CENTER INC,,,,,,PHMNN
WELCOMMNL1,WELLSPRING COMMERCIAL OPC,,,,,,PHMNN
WELTRAMNL,WELSTAND TRADING INC,,,,,,PHDVO
WESINDMNL,"WESTPOINT INDUSTRIAL SALES COMPANY, INC.",,,,,,PHMNL
WILDEPMNL,WILCON DEPOT INC.,,,,,,PHMNN
WOLMARMNL,WOLABEND MARKETING CORP.,,,,,,PHMNN
WUKONGMNL,WU KONG SINGAPORE PTE LTD,,,,,,PHMNL
XELLEXMNL,XELLEX CORPORATION,,,,,,PHDVO
ZENUNIMNL,ZENITH UNITED ELECTRIC CORPORATION,,,,,,PHCEB